timestamp,frame,fps,face_detected,left_ear,right_ear,average_ear,mar,eye_closed,blink_event,blink_duration,blink_count,yawn_candidate,yawn_duration,yawn_event,yawn_count,perclos,yaw,pitch,roll,head_state
0.000,1,30.15,1,0.2926,0.2955,0.2941,0.0041,0,,0.000,0,0,0.000,,0,0.0000,-3.62,-2.25,1.82,HEAD_FORWARD
0.033,2,30.15,1,0.2996,0.3003,0.2999,0.0062,0,,0.000,0,0,0.000,,0,0.0000,-3.67,-2.29,1.73,HEAD_FORWARD
0.066,3,30.15,1,0.3039,0.3076,0.3058,0.0046,0,,0.000,0,0,0.000,,0,0.0000,-3.68,-2.15,1.78,HEAD_FORWARD
0.100,4,30.15,1,0.2994,0.3012,0.3003,0.0061,0,,0.000,0,0,0.000,,0,0.0000,-3.68,-2.31,1.66,HEAD_FORWARD
0.133,5,30.15,1,0.3058,0.3091,0.3074,0.0062,0,,0.000,0,0,0.000,,0,0.0000,-3.67,-2.43,1.78,HEAD_FORWARD
0.166,6,30.15,1,0.2958,0.2965,0.2961,0.0058,0,,0.000,0,0,0.000,,0,0.0000,-3.58,-2.10,1.75,HEAD_FORWARD
0.199,7,30.15,1,0.3014,0.3047,0.3031,0.0044,0,,0.000,0,0,0.000,,0,0.0000,-3.48,-2.52,1.79,HEAD_FORWARD
0.232,8,30.15,1,0.2997,0.3008,0.3003,0.0055,0,,0.000,0,0,0.000,,0,0.0000,-3.38,-2.58,1.91,HEAD_FORWARD
0.265,9,30.15,1,0.3021,0.3033,0.3027,0.0037,0,,0.000,0,0,0.000,,0,0.0000,-3.66,-2.74,1.82,HEAD_FORWARD
0.299,10,30.15,1,0.3063,0.3143,0.3103,0.0041,0,,0.000,0,0,0.000,,0,0.0000,-3.62,-2.61,1.83,HEAD_FORWARD
0.332,11,30.15,1,0.3076,0.3133,0.3104,0.0039,0,,0.000,0,0,0.000,,0,0.0000,-3.32,-2.65,1.80,HEAD_FORWARD
0.365,12,30.15,1,0.3063,0.3098,0.3081,0.0031,0,,0.000,0,0,0.000,,0,0.0000,-3.48,-2.53,1.82,HEAD_FORWARD
0.398,13,30.15,1,0.3076,0.3151,0.3114,0.0045,0,,0.000,0,0,0.000,,0,0.0000,-3.40,-2.45,1.83,HEAD_FORWARD
0.431,14,30.15,1,0.2996,0.3050,0.3023,0.0043,0,,0.000,0,0,0.000,,0,0.0000,-3.47,-2.64,1.80,HEAD_FORWARD
0.464,15,30.15,1,0.3035,0.3115,0.3075,0.0056,0,,0.000,0,0,0.000,,0,0.0000,-3.54,-2.82,1.72,HEAD_FORWARD
0.498,16,30.15,1,0.3049,0.3083,0.3066,0.0028,0,,0.000,0,0,0.000,,0,0.0000,-3.66,-2.75,1.70,HEAD_FORWARD
0.531,17,30.15,1,0.3018,0.3055,0.3036,0.0036,0,,0.000,0,0,0.000,,0,0.0000,-3.60,-2.68,1.74,HEAD_FORWARD
0.564,18,30.15,1,0.2997,0.3054,0.3025,0.0057,0,,0.000,0,0,0.000,,0,0.0000,-3.48,-2.55,1.57,HEAD_FORWARD
0.597,19,30.15,1,0.3043,0.3095,0.3069,0.0048,0,,0.000,0,0,0.000,,0,0.0000,-3.36,-2.50,1.70,HEAD_FORWARD
0.630,20,30.15,1,0.3053,0.3082,0.3067,0.0041,0,,0.000,0,0,0.000,,0,0.0000,-3.36,-2.50,1.74,HEAD_FORWARD
0.663,21,30.15,1,0.3023,0.3078,0.3050,0.0058,0,,0.000,0,0,0.000,,0,0.0000,-3.29,-2.49,1.73,HEAD_FORWARD
0.697,22,30.15,1,0.3015,0.3050,0.3033,0.0054,0,,0.000,0,0,0.000,,0,0.0000,-3.32,-2.58,1.73,HEAD_FORWARD
0.730,23,30.15,1,0.3029,0.3069,0.3049,0.0051,0,,0.000,0,0,0.000,,0,0.0000,-3.37,-2.65,1.60,HEAD_FORWARD
0.763,24,30.15,1,0.3032,0.3054,0.3043,0.0046,0,,0.000,0,0,0.000,,0,0.0000,-3.41,-2.95,1.63,HEAD_FORWARD
0.796,25,30.15,1,0.3063,0.3078,0.3071,0.0045,0,,0.000,0,0,0.000,,0,0.0000,-3.44,-3.08,1.63,HEAD_FORWARD
0.829,26,30.15,1,0.3015,0.3008,0.3012,0.0042,0,,0.000,0,0,0.000,,0,0.0000,-3.44,-2.44,1.52,HEAD_FORWARD
0.862,27,30.15,1,0.3017,0.3062,0.3040,0.0051,0,,0.000,0,0,0.000,,0,0.0000,-3.39,-2.75,1.74,HEAD_FORWARD
0.896,28,30.15,1,0.3015,0.3028,0.3021,0.0056,0,,0.000,0,0,0.000,,0,0.0000,-3.45,-2.43,1.48,HEAD_FORWARD
0.929,29,30.15,1,0.2971,0.2992,0.2981,0.0053,0,,0.000,0,0,0.000,,0,0.0000,-3.41,-2.74,1.61,HEAD_FORWARD
0.962,30,30.15,1,0.3026,0.3044,0.3035,0.0050,0,,0.000,0,0,0.000,,0,0.0000,-3.48,-2.30,1.61,HEAD_FORWARD
0.995,31,30.15,1,0.3003,0.3023,0.3013,0.0079,0,,0.000,0,0,0.000,,0,0.0000,-3.46,-2.55,1.43,HEAD_FORWARD
1.028,32,30.15,1,0.3052,0.3089,0.3070,0.0060,0,,0.000,0,0,0.000,,0,0.0000,-3.51,-2.73,1.53,HEAD_FORWARD
1.061,33,30.15,1,0.3090,0.3091,0.3091,0.0058,0,,0.000,0,0,0.000,,0,0.0000,-3.35,-2.36,1.60,HEAD_FORWARD
1.095,34,30.15,1,0.3026,0.3053,0.3039,0.0054,0,,0.000,0,0,0.000,,0,0.0000,-3.27,-2.62,1.49,HEAD_FORWARD
1.128,35,30.15,1,0.3045,0.3101,0.3073,0.0070,0,,0.000,0,0,0.000,,0,0.0000,-3.31,-2.40,1.45,HEAD_FORWARD
1.161,36,30.15,1,0.3024,0.3034,0.3029,0.0059,0,,0.000,0,0,0.000,,0,0.0000,-3.33,-2.56,1.45,HEAD_FORWARD
1.194,37,30.15,1,0.3021,0.3039,0.3030,0.0063,0,,0.000,0,0,0.000,,0,0.0000,-3.30,-2.36,1.38,HEAD_FORWARD
1.227,38,30.15,1,0.3033,0.3064,0.3048,0.0060,0,,0.000,0,0,0.000,,0,0.0000,-3.53,-2.47,1.56,HEAD_FORWARD
1.260,39,30.15,1,0.3033,0.3050,0.3042,0.0040,0,,0.000,0,0,0.000,,0,0.0000,-3.37,-2.22,1.51,HEAD_FORWARD
1.294,40,30.15,1,0.3060,0.3100,0.3080,0.0043,0,,0.000,0,0,0.000,,0,0.0000,-3.41,-2.47,1.55,HEAD_FORWARD
1.327,41,30.15,1,0.3011,0.3048,0.3029,0.0061,0,,0.000,0,0,0.000,,0,0.0000,-3.36,-2.51,1.63,HEAD_FORWARD
1.360,42,30.15,1,0.3040,0.3091,0.3065,0.0048,0,,0.000,0,0,0.000,,0,0.0000,-3.43,-2.20,1.64,HEAD_FORWARD
1.393,43,30.15,1,0.2993,0.2983,0.2988,0.0056,0,,0.000,0,0,0.000,,0,0.0000,-3.58,-2.17,1.46,HEAD_FORWARD
1.426,44,30.15,1,0.2992,0.3004,0.2998,0.0064,0,,0.000,0,0,0.000,,0,0.0000,-3.44,-2.13,1.50,HEAD_FORWARD
1.459,45,30.15,1,0.2994,0.3000,0.2997,0.0064,0,,0.000,0,0,0.000,,0,0.0000,-3.30,-2.58,1.48,HEAD_FORWARD
1.493,46,30.15,1,0.2968,0.2962,0.2965,0.0057,0,,0.000,0,0,0.000,,0,0.0000,-3.47,-2.21,1.49,HEAD_FORWARD
1.526,47,30.15,1,0.2966,0.2952,0.2959,0.0060,0,,0.000,0,0,0.000,,0,0.0000,-3.36,-2.36,1.49,HEAD_FORWARD
1.559,48,30.15,1,0.2957,0.2938,0.2947,0.0059,0,,0.000,0,0,0.000,,0,0.0000,-3.57,-2.38,1.39,HEAD_FORWARD
1.592,49,30.15,1,0.2937,0.2902,0.2920,0.0065,0,,0.000,0,0,0.000,,0,0.0000,-3.43,-2.06,1.46,HEAD_FORWARD
1.625,50,30.15,1,0.2952,0.2975,0.2963,0.0065,0,,0.000,0,0,0.000,,0,0.0000,-3.53,-2.33,1.38,HEAD_FORWARD
1.658,51,30.15,1,0.2960,0.2980,0.2970,0.0056,0,,0.000,0,0,0.000,,0,0.0000,-3.49,-2.34,1.38,HEAD_FORWARD
1.692,52,30.15,1,0.2961,0.3027,0.2994,0.0054,0,,0.000,0,0,0.000,,0,0.0000,-3.51,-2.21,1.52,HEAD_FORWARD
1.725,53,30.15,1,0.2918,0.2963,0.2940,0.0048,0,,0.000,0,0,0.000,,0,0.0000,-3.60,-2.55,1.57,HEAD_FORWARD
1.758,54,30.15,1,0.2926,0.2963,0.2944,0.0046,0,,0.000,0,0,0.000,,0,0.0000,-3.61,-2.40,1.60,HEAD_FORWARD
1.791,55,30.15,1,0.2898,0.2924,0.2911,0.0055,0,,0.000,0,0,0.000,,0,0.0000,-3.42,-2.46,1.53,HEAD_FORWARD
1.824,56,30.15,1,0.2930,0.2929,0.2929,0.0048,0,,0.000,0,0,0.000,,0,0.0000,-3.37,-2.50,1.59,HEAD_FORWARD
1.858,57,30.15,1,0.2937,0.2965,0.2951,0.0040,0,,0.000,0,0,0.000,,0,0.0000,-3.44,-2.57,1.63,HEAD_FORWARD
1.891,58,30.15,1,0.2934,0.2955,0.2945,0.0054,0,,0.000,0,0,0.000,,0,0.0000,-3.45,-2.49,1.47,HEAD_FORWARD
1.924,59,30.15,1,0.3008,0.3051,0.3030,0.0049,0,,0.000,0,0,0.000,,0,0.0000,-3.48,-2.48,1.46,HEAD_FORWARD
1.957,60,30.15,1,0.3021,0.3043,0.3032,0.0050,0,,0.000,0,0,0.000,,0,0.0000,-3.66,-2.15,1.47,HEAD_FORWARD
1.990,61,30.15,1,0.2934,0.2962,0.2948,0.0038,0,,0.000,0,0,0.000,,0,0.0000,-3.47,-2.65,1.45,HEAD_FORWARD
2.023,62,30.15,1,0.2961,0.2991,0.2976,0.0056,0,,0.000,0,0,0.000,,0,0.0000,-3.43,-2.32,1.30,HEAD_FORWARD
2.057,63,30.15,1,0.2983,0.2984,0.2984,0.0055,0,,0.000,0,0,0.000,,0,0.0000,-3.55,-2.33,1.42,HEAD_FORWARD
2.090,64,30.15,1,0.2971,0.2966,0.2969,0.0048,0,,0.000,0,0,0.000,,0,0.0000,-3.48,-2.11,1.49,HEAD_FORWARD
2.123,65,30.15,1,0.2961,0.2955,0.2958,0.0066,0,,0.000,0,0,0.000,,0,0.0000,-3.42,-2.26,1.44,HEAD_FORWARD
2.156,66,30.15,1,0.2946,0.2965,0.2955,0.0054,0,,0.000,0,0,0.000,,0,0.0000,-3.60,-2.02,1.40,HEAD_FORWARD
2.189,67,30.15,1,0.2967,0.2986,0.2977,0.0057,0,,0.000,0,0,0.000,,0,0.0000,-3.38,-1.94,1.40,HEAD_FORWARD
2.222,68,30.15,1,0.2908,0.2948,0.2928,0.0043,0,,0.000,0,0,0.000,,0,0.0000,-3.43,-2.09,1.35,HEAD_FORWARD
2.256,69,30.15,1,0.2942,0.2941,0.2942,0.0044,0,,0.000,0,0,0.000,,0,0.0000,-3.53,-2.25,1.40,HEAD_FORWARD
2.289,70,30.15,1,0.2951,0.2964,0.2958,0.0048,0,,0.000,0,0,0.000,,0,0.0000,-3.55,-2.16,1.38,HEAD_FORWARD
2.322,71,30.15,1,0.3038,0.3045,0.3041,0.0050,0,,0.000,0,0,0.000,,0,0.0000,-3.59,-2.23,1.31,HEAD_FORWARD
2.355,72,30.15,1,0.2968,0.2971,0.2969,0.0053,0,,0.000,0,0,0.000,,0,0.0000,-3.65,-2.17,1.43,HEAD_FORWARD
2.388,73,30.15,1,0.3025,0.3038,0.3032,0.0061,0,,0.000,0,0,0.000,,0,0.0000,-3.59,-2.18,1.44,HEAD_FORWARD
2.421,74,30.15,1,0.3014,0.3011,0.3012,0.0061,0,,0.000,0,0,0.000,,0,0.0000,-3.55,-2.26,1.53,HEAD_FORWARD
2.455,75,30.15,1,0.2994,0.2985,0.2989,0.0062,0,,0.000,0,0,0.000,,0,0.0000,-3.43,-2.33,1.49,HEAD_FORWARD
2.488,76,30.15,1,0.2994,0.2975,0.2985,0.0055,0,,0.000,0,0,0.000,,0,0.0000,-3.49,-1.96,1.46,HEAD_FORWARD
2.521,77,30.15,1,0.3019,0.3028,0.3024,0.0059,0,,0.000,0,0,0.000,,0,0.0000,-3.63,-2.14,1.34,HEAD_FORWARD
2.554,78,30.15,1,0.3064,0.3062,0.3063,0.0050,0,,0.000,0,0,0.000,,0,0.0000,-3.73,-2.07,1.44,HEAD_FORWARD
2.587,79,30.15,1,0.3033,0.3048,0.3040,0.0055,0,,0.000,0,0,0.000,,0,0.0000,-3.54,-2.01,1.39,HEAD_FORWARD
2.620,80,30.15,1,0.3061,0.3078,0.3070,0.0055,0,,0.000,0,0,0.000,,0,0.0000,-3.60,-2.07,1.36,HEAD_FORWARD
2.654,81,30.15,1,0.3019,0.3019,0.3019,0.0064,0,,0.000,0,0,0.000,,0,0.0000,-3.46,-1.66,1.27,HEAD_FORWARD
2.687,82,30.15,1,0.3028,0.3032,0.3030,0.0049,0,,0.000,0,0,0.000,,0,0.0000,-3.55,-2.13,1.52,HEAD_FORWARD
2.720,83,30.15,1,0.3017,0.3038,0.3027,0.0050,0,,0.000,0,0,0.000,,0,0.0000,-3.62,-2.18,1.54,HEAD_FORWARD
2.753,84,30.15,1,0.3078,0.3126,0.3102,0.0055,0,,0.000,0,0,0.000,,0,0.0000,-3.69,-2.04,1.48,HEAD_FORWARD
2.786,85,30.15,1,0.3049,0.3088,0.3069,0.0052,0,,0.000,0,0,0.000,,0,0.0000,-3.63,-2.18,1.43,HEAD_FORWARD
2.819,86,30.15,1,0.3036,0.3050,0.3043,0.0040,0,,0.000,0,0,0.000,,0,0.0000,-3.59,-2.19,1.41,HEAD_FORWARD
2.853,87,30.15,1,0.2973,0.3003,0.2988,0.0045,0,,0.000,0,0,0.000,,0,0.0000,-3.40,-2.07,1.45,HEAD_FORWARD
2.886,88,30.15,1,0.3004,0.2987,0.2995,0.0050,0,,0.000,0,0,0.000,,0,0.0000,-3.59,-1.88,1.44,HEAD_FORWARD
2.919,89,30.15,1,0.2957,0.2981,0.2969,0.0053,0,,0.000,0,0,0.000,,0,0.0000,-3.62,-2.20,1.44,HEAD_FORWARD
2.952,90,30.15,1,0.2999,0.3020,0.3009,0.0071,0,,0.000,0,0,0.000,,0,0.0000,-3.48,-2.02,1.32,HEAD_FORWARD
2.985,91,30.15,1,0.3083,0.3055,0.3069,0.0057,0,,0.000,0,0,0.000,,0,0.0000,-3.63,-1.94,1.53,HEAD_FORWARD
3.018,92,30.15,1,0.3061,0.3035,0.3048,0.0063,0,,0.000,0,0,0.000,,0,0.0000,-3.44,-1.97,1.53,HEAD_FORWARD
3.052,93,30.15,1,0.3021,0.3060,0.3040,0.0047,0,,0.000,0,0,0.000,,0,0.0000,-3.47,-2.01,1.50,HEAD_FORWARD
3.085,94,30.15,1,0.2978,0.2984,0.2981,0.0049,0,,0.000,0,0,0.000,,0,0.0000,-3.39,-1.80,1.42,HEAD_FORWARD
3.118,95,30.15,1,0.0798,0.0810,0.0804,0.0062,1,,0.000,0,0,0.000,,0,0.0000,-3.57,-1.91,1.04,HEAD_FORWARD
3.151,96,30.15,1,0.0243,0.0546,0.0394,0.0109,1,,0.000,0,0,0.000,,0,0.0105,-3.07,-3.13,1.35,HEAD_FORWARD
3.184,97,30.15,1,0.0333,0.0493,0.0413,0.0074,1,,0.000,0,0,0.000,,0,0.0208,-3.39,-2.81,1.03,HEAD_FORWARD
3.217,98,30.15,1,0.1217,0.1073,0.1145,0.0024,1,,0.000,0,0,0.000,,0,0.0309,-3.59,-2.62,1.18,HEAD_FORWARD
3.251,99,30.15,1,0.2091,0.2094,0.2092,0.0031,1,,0.000,0,0,0.000,,0,0.0408,-3.86,-2.55,1.30,HEAD_FORWARD
3.284,100,30.15,1,0.2446,0.2454,0.2450,0.0044,0,NORMAL_BLINK,0.166,1,0,0.000,,0,0.0505,-3.77,-2.45,1.31,HEAD_FORWARD
3.317,101,30.15,1,0.2633,0.2650,0.2641,0.0054,0,,0.166,1,0,0.000,,0,0.0500,-3.63,-2.17,1.34,HEAD_FORWARD
3.350,102,30.15,1,0.2716,0.2776,0.2746,0.0042,0,,0.166,1,0,0.000,,0,0.0495,-3.58,-2.33,1.53,HEAD_FORWARD
3.383,103,30.15,1,0.2751,0.2792,0.2771,0.0051,0,,0.166,1,0,0.000,,0,0.0490,-3.60,-2.28,1.51,HEAD_FORWARD
3.416,104,30.15,1,0.2769,0.2841,0.2805,0.0056,0,,0.166,1,0,0.000,,0,0.0485,-3.52,-2.51,1.39,HEAD_FORWARD
3.450,105,30.15,1,0.2809,0.2920,0.2865,0.0042,0,,0.166,1,0,0.000,,0,0.0481,-3.49,-2.27,1.41,HEAD_FORWARD
3.483,106,30.15,1,0.2835,0.2889,0.2862,0.0041,0,,0.166,1,0,0.000,,0,0.0476,-3.46,-2.23,1.53,HEAD_FORWARD
3.516,107,30.15,1,0.2833,0.2863,0.2848,0.0038,0,,0.166,1,0,0.000,,0,0.0472,-3.54,-2.17,1.43,HEAD_FORWARD
3.549,108,30.15,1,0.2901,0.2944,0.2922,0.0039,0,,0.166,1,0,0.000,,0,0.0467,-3.49,-2.38,1.41,HEAD_FORWARD
3.582,109,30.15,1,0.2936,0.2968,0.2952,0.0046,0,,0.166,1,0,0.000,,0,0.0463,-3.51,-2.29,1.50,HEAD_FORWARD
3.615,110,30.15,1,0.2894,0.2924,0.2909,0.0044,0,,0.166,1,0,0.000,,0,0.0459,-3.49,-2.10,1.50,HEAD_FORWARD
3.649,111,30.15,1,0.2961,0.2997,0.2979,0.0041,0,,0.166,1,0,0.000,,0,0.0455,-3.54,-2.27,1.48,HEAD_FORWARD
3.682,112,30.15,1,0.2908,0.2952,0.2930,0.0041,0,,0.166,1,0,0.000,,0,0.0450,-3.48,-2.46,1.40,HEAD_FORWARD
3.715,113,30.15,1,0.2891,0.2918,0.2905,0.0041,0,,0.166,1,0,0.000,,0,0.0446,-3.31,-2.03,1.36,HEAD_FORWARD
3.748,114,30.15,1,0.2898,0.2927,0.2913,0.0044,0,,0.166,1,0,0.000,,0,0.0442,-3.53,-1.94,1.40,HEAD_FORWARD
3.781,115,30.15,1,0.2902,0.2940,0.2921,0.0043,0,,0.166,1,0,0.000,,0,0.0439,-3.39,-1.92,1.46,HEAD_FORWARD
3.815,116,30.15,1,0.2961,0.2996,0.2978,0.0043,0,,0.166,1,0,0.000,,0,0.0435,-3.52,-2.08,1.36,HEAD_FORWARD
3.848,117,30.15,1,0.2930,0.2966,0.2948,0.0035,0,,0.166,1,0,0.000,,0,0.0431,-3.47,-2.21,1.37,HEAD_FORWARD
3.881,118,30.15,1,0.2929,0.2961,0.2945,0.0052,0,,0.166,1,0,0.000,,0,0.0427,-3.56,-2.06,1.33,HEAD_FORWARD
3.914,119,30.15,1,0.2956,0.3011,0.2984,0.0046,0,,0.166,1,0,0.000,,0,0.0424,-3.71,-1.95,1.44,HEAD_FORWARD
3.947,120,30.15,1,0.2898,0.2952,0.2925,0.0042,0,,0.166,1,0,0.000,,0,0.0420,-3.74,-2.11,1.38,HEAD_FORWARD
3.980,121,30.15,1,0.2953,0.3004,0.2979,0.0053,0,,0.166,1,0,0.000,,0,0.0417,-3.71,-1.85,1.45,HEAD_FORWARD
4.014,122,30.15,1,0.2971,0.2985,0.2978,0.0048,0,,0.166,1,0,0.000,,0,0.0413,-3.45,-1.82,1.46,HEAD_FORWARD
4.047,123,30.15,1,0.2974,0.2986,0.2980,0.0049,0,,0.166,1,0,0.000,,0,0.0410,-3.48,-1.84,1.46,HEAD_FORWARD
4.080,124,30.15,1,0.3067,0.3040,0.3053,0.0047,0,,0.166,1,0,0.000,,0,0.0407,-3.70,-2.11,1.43,HEAD_FORWARD
4.113,125,30.15,1,0.2991,0.3006,0.2999,0.0064,0,,0.166,1,0,0.000,,0,0.0403,-3.51,-2.20,1.40,HEAD_FORWARD
4.146,126,30.15,1,0.3070,0.3093,0.3082,0.0056,0,,0.166,1,0,0.000,,0,0.0400,-3.39,-2.11,1.55,HEAD_FORWARD
4.179,127,30.15,1,0.3073,0.3046,0.3060,0.0049,0,,0.166,1,0,0.000,,0,0.0397,-3.70,-2.16,1.37,HEAD_FORWARD
4.213,128,30.15,1,0.3050,0.3092,0.3071,0.0050,0,,0.166,1,0,0.000,,0,0.0394,-3.74,-2.21,1.36,HEAD_FORWARD
4.246,129,30.15,1,0.3078,0.3101,0.3089,0.0030,0,,0.166,1,0,0.000,,0,0.0391,-3.81,-2.00,1.31,HEAD_FORWARD
4.279,130,30.15,1,0.3140,0.3137,0.3139,0.0056,0,,0.166,1,0,0.000,,0,0.0388,-3.80,-1.87,1.36,HEAD_FORWARD
4.312,131,30.15,1,0.3183,0.3151,0.3167,0.0054,0,,0.166,1,0,0.000,,0,0.0385,-3.72,-2.13,1.30,HEAD_FORWARD
4.345,132,30.15,1,0.3083,0.3084,0.3083,0.0045,0,,0.166,1,0,0.000,,0,0.0382,-3.77,-2.02,1.44,HEAD_FORWARD
4.378,133,30.15,1,0.3017,0.3031,0.3024,0.0049,0,,0.166,1,0,0.000,,0,0.0379,-3.75,-1.86,1.38,HEAD_FORWARD
4.412,134,30.15,1,0.3086,0.3095,0.3091,0.0059,0,,0.166,1,0,0.000,,0,0.0376,-3.69,-1.51,1.37,HEAD_FORWARD
4.445,135,30.15,1,0.3171,0.3136,0.3154,0.0048,0,,0.166,1,0,0.000,,0,0.0373,-3.79,-1.51,1.38,HEAD_FORWARD
4.478,136,30.15,1,0.3245,0.3231,0.3238,0.0065,0,,0.166,1,0,0.000,,0,0.0370,-3.65,-1.25,1.29,HEAD_FORWARD
4.511,137,30.15,1,0.3238,0.3251,0.3244,0.0050,0,,0.166,1,0,0.000,,0,0.0368,-3.66,-1.24,1.36,HEAD_FORWARD
4.544,138,30.15,1,0.3280,0.3257,0.3269,0.0055,0,,0.166,1,0,0.000,,0,0.0365,-3.61,-1.36,1.39,HEAD_FORWARD
4.577,139,30.15,1,0.3306,0.3262,0.3284,0.0059,0,,0.166,1,0,0.000,,0,0.0362,-3.83,-1.19,1.33,HEAD_FORWARD
4.611,140,30.15,1,0.3312,0.3281,0.3297,0.0058,0,,0.166,1,0,0.000,,0,0.0360,-3.65,-1.09,1.37,HEAD_FORWARD
4.644,141,30.15,1,0.3278,0.3288,0.3283,0.0057,0,,0.166,1,0,0.000,,0,0.0357,-3.75,-1.25,1.40,HEAD_FORWARD
4.677,142,30.15,1,0.3354,0.3339,0.3347,0.0067,0,,0.166,1,0,0.000,,0,0.0355,-3.73,-1.27,1.46,HEAD_FORWARD
4.710,143,30.15,1,0.3314,0.3316,0.3315,0.0053,0,,0.166,1,0,0.000,,0,0.0352,-3.81,-1.04,1.36,HEAD_FORWARD
4.743,144,30.15,1,0.3270,0.3269,0.3270,0.0059,0,,0.166,1,0,0.000,,0,0.0350,-3.77,-1.44,1.42,HEAD_FORWARD
4.776,145,30.15,1,0.3185,0.3198,0.3192,0.0056,0,,0.166,1,0,0.000,,0,0.0347,-3.59,-1.63,1.37,HEAD_FORWARD
4.810,146,30.15,1,0.3160,0.3153,0.3157,0.0057,0,,0.166,1,0,0.000,,0,0.0345,-3.72,-1.68,1.37,HEAD_FORWARD
4.843,147,30.15,1,0.3127,0.3126,0.3127,0.0050,0,,0.166,1,0,0.000,,0,0.0342,-3.66,-2.20,1.39,HEAD_FORWARD
4.876,148,30.15,1,0.3075,0.3104,0.3090,0.0058,0,,0.166,1,0,0.000,,0,0.0340,-3.67,-1.77,1.39,HEAD_FORWARD
4.909,149,30.15,1,0.3018,0.3044,0.3031,0.0059,0,,0.166,1,0,0.000,,0,0.0338,-3.50,-1.68,1.54,HEAD_FORWARD
4.942,150,30.15,1,0.3084,0.3092,0.3088,0.0052,0,,0.166,1,0,0.000,,0,0.0336,-3.67,-1.90,1.53,HEAD_FORWARD
4.975,151,30.15,1,0.3063,0.3069,0.3066,0.0051,0,,0.166,1,0,0.000,,0,0.0333,-3.65,-1.98,1.36,HEAD_FORWARD
5.009,152,30.15,1,0.2953,0.2953,0.2953,0.0054,0,,0.166,1,0,0.000,,0,0.0331,-3.68,-1.94,1.43,HEAD_FORWARD
5.042,153,30.15,1,0.2971,0.2988,0.2979,0.0057,0,,0.166,1,0,0.000,,0,0.0329,-3.58,-2.12,1.36,HEAD_FORWARD
5.075,154,30.15,1,0.3004,0.3011,0.3007,0.0036,0,,0.166,1,0,0.000,,0,0.0327,-3.54,-1.62,1.44,HEAD_FORWARD
5.108,155,30.15,1,0.2956,0.2948,0.2952,0.0067,0,,0.166,1,0,0.000,,0,0.0325,-3.44,-1.70,1.43,HEAD_FORWARD
5.141,156,30.15,1,0.2971,0.2989,0.2980,0.0071,0,,0.166,1,0,0.000,,0,0.0323,-3.52,-1.81,1.44,HEAD_FORWARD
5.174,157,30.15,1,0.3033,0.3029,0.3031,0.0059,0,,0.166,1,0,0.000,,0,0.0321,-3.65,-1.97,1.51,HEAD_FORWARD
5.208,158,30.15,1,0.3017,0.2984,0.3000,0.0058,0,,0.166,1,0,0.000,,0,0.0318,-3.67,-1.91,1.45,HEAD_FORWARD
5.241,159,30.15,1,0.2962,0.2960,0.2961,0.0060,0,,0.166,1,0,0.000,,0,0.0316,-3.76,-1.70,1.42,HEAD_FORWARD
5.274,160,30.15,1,0.3066,0.3057,0.3061,0.0063,0,,0.166,1,0,0.000,,0,0.0314,-3.50,-1.65,1.50,HEAD_FORWARD
5.307,161,30.15,1,0.2972,0.2959,0.2966,0.0053,0,,0.166,1,0,0.000,,0,0.0313,-3.66,-1.51,1.61,HEAD_FORWARD
5.340,162,30.15,1,0.3061,0.3056,0.3058,0.0068,0,,0.166,1,0,0.000,,0,0.0311,-3.61,-1.41,1.57,HEAD_FORWARD
5.373,163,30.15,1,0.2977,0.3010,0.2993,0.0071,0,,0.166,1,0,0.000,,0,0.0309,-3.53,-1.46,1.47,HEAD_FORWARD
5.407,164,30.15,1,0.2978,0.3004,0.2991,0.0065,0,,0.166,1,0,0.000,,0,0.0307,-3.60,-1.60,1.55,HEAD_FORWARD
5.440,165,30.15,1,0.2934,0.2935,0.2935,0.0056,0,,0.166,1,0,0.000,,0,0.0305,-3.81,-1.53,1.49,HEAD_FORWARD
5.473,166,30.15,1,0.2936,0.2942,0.2939,0.0055,0,,0.166,1,0,0.000,,0,0.0303,-3.64,-1.47,1.61,HEAD_FORWARD
5.506,167,30.15,1,0.2932,0.2952,0.2942,0.0062,0,,0.166,1,0,0.000,,0,0.0301,-3.73,-0.97,1.59,HEAD_FORWARD
5.539,168,30.15,1,0.2866,0.2896,0.2881,0.0056,0,,0.166,1,0,0.000,,0,0.0299,-3.65,-1.27,1.66,HEAD_FORWARD
5.573,169,30.15,1,0.2184,0.2194,0.2189,0.0020,0,,0.166,1,0,0.000,,0,0.0298,-3.90,-1.34,1.35,HEAD_FORWARD
5.606,170,30.15,1,0.1289,0.1327,0.1308,0.0020,1,,0.166,1,0,0.000,,0,0.0296,-3.78,-1.80,1.22,HEAD_FORWARD
5.639,171,30.15,1,0.1387,0.1325,0.1356,0.0036,1,,0.166,1,0,0.000,,0,0.0353,-3.83,-1.58,1.28,HEAD_FORWARD
5.672,172,30.15,1,0.1966,0.1983,0.1974,0.0025,1,,0.166,1,0,0.000,,0,0.0409,-3.97,-1.40,1.55,HEAD_FORWARD
5.705,173,30.15,1,0.2273,0.2269,0.2271,0.0032,0,NORMAL_BLINK,0.100,2,0,0.000,,0,0.0465,-3.89,-1.09,1.61,HEAD_FORWARD
5.738,174,30.15,1,0.2451,0.2445,0.2448,0.0033,0,,0.100,2,0,0.000,,0,0.0462,-3.73,-1.22,1.48,HEAD_FORWARD
5.772,175,30.15,1,0.2514,0.2512,0.2513,0.0055,0,,0.100,2,0,0.000,,0,0.0460,-3.80,-0.93,1.25,HEAD_FORWARD
5.805,176,30.15,1,0.2648,0.2618,0.2633,0.0029,0,,0.100,2,0,0.000,,0,0.0457,-3.89,-0.83,1.42,HEAD_FORWARD
5.838,177,30.15,1,0.2686,0.2692,0.2689,0.0034,0,,0.100,2,0,0.000,,0,0.0455,-3.81,-0.43,1.47,HEAD_FORWARD
5.871,178,30.15,1,0.2699,0.2694,0.2696,0.0044,0,,0.100,2,0,0.000,,0,0.0452,-3.77,-0.94,1.44,HEAD_FORWARD
5.904,179,30.15,1,0.2736,0.2705,0.2720,0.0024,0,,0.100,2,0,0.000,,0,0.0449,-3.89,-1.07,1.59,HEAD_FORWARD
5.937,180,30.15,1,0.2798,0.2758,0.2778,0.0040,0,,0.100,2,0,0.000,,0,0.0447,-4.01,-1.39,1.87,HEAD_FORWARD
5.971,181,30.15,1,0.2794,0.2749,0.2771,0.0050,0,,0.100,2,0,0.000,,0,0.0444,-4.42,-1.99,2.17,HEAD_FORWARD
6.004,182,30.15,1,0.2818,0.2754,0.2786,0.0202,0,,0.100,2,0,0.000,,0,0.0442,-4.52,-1.45,2.95,HEAD_FORWARD
6.037,183,30.15,1,0.2866,0.2706,0.2786,0.0901,0,,0.100,2,0,0.000,,0,0.0440,-5.89,-2.00,4.48,HEAD_FORWARD
6.070,184,30.15,1,0.3016,0.2806,0.2911,0.4423,0,,0.100,2,0,0.000,,0,0.0437,-8.08,-2.34,6.47,HEAD_FORWARD
6.103,185,30.15,1,0.3138,0.2852,0.2995,0.3988,0,,0.100,2,0,0.000,,0,0.0435,-10.18,-2.83,8.75,HEAD_FORWARD
6.136,186,30.15,1,0.3088,0.2686,0.2887,0.1867,0,,0.100,2,0,0.000,,0,0.0432,-13.12,-4.65,11.36,HEAD_FORWARD
6.170,187,30.15,1,0.3095,0.2638,0.2867,0.1310,0,,0.100,2,0,0.000,,0,0.0430,-15.77,-5.32,14.00,HEAD_FORWARD
6.203,188,30.15,1,0.3144,0.2715,0.2930,0.1689,0,,0.100,2,0,0.000,,0,0.0428,-17.22,-4.96,15.53,HEAD_FORWARD
6.236,189,30.15,1,0.3286,0.2845,0.3066,0.1253,0,,0.100,2,0,0.000,,0,0.0426,-17.27,-4.43,16.49,HEAD_FORWARD
6.269,190,30.15,1,0.3058,0.2617,0.2837,0.1056,0,,0.100,2,0,0.000,,0,0.0423,-18.07,-5.24,16.89,HEAD_FORWARD
6.302,191,30.15,1,0.3152,0.2575,0.2864,0.2388,0,,0.100,2,0,0.000,,0,0.0421,-18.42,-5.17,16.62,HEAD_FORWARD
6.335,192,30.15,1,0.3102,0.2495,0.2799,0.1803,0,,0.100,2,0,0.000,,0,0.0419,-18.07,-5.11,16.08,HEAD_FORWARD
6.369,193,30.15,1,0.3095,0.2479,0.2787,0.2652,0,,0.100,2,0,0.000,,0,0.0417,-18.13,-4.75,15.95,HEAD_FORWARD
6.402,194,30.15,1,0.3143,0.2407,0.2775,0.2257,0,,0.100,2,0,0.000,,0,0.0415,-18.23,-4.40,16.06,HEAD_FORWARD
6.435,195,30.15,1,0.3255,0.2646,0.2951,0.2716,0,,0.100,2,0,0.000,,0,0.0412,-18.28,-4.95,16.10,HEAD_FORWARD
6.468,196,30.15,1,0.3159,0.2543,0.2851,0.2583,0,,0.100,2,0,0.000,,0,0.0410,-18.70,-5.09,15.86,HEAD_FORWARD
6.501,197,30.15,1,0.3314,0.2653,0.2983,0.1994,0,,0.100,2,0,0.000,,0,0.0408,-19.32,-5.59,15.92,HEAD_FORWARD
6.534,198,30.15,1,0.3313,0.2632,0.2972,0.2140,0,,0.100,2,0,0.000,,0,0.0406,-19.44,-5.64,15.64,HEAD_FORWARD
6.568,199,30.15,1,0.3331,0.2647,0.2989,0.1933,0,,0.100,2,0,0.000,,0,0.0404,-19.24,-4.50,15.10,HEAD_FORWARD
6.601,200,30.15,1,0.3430,0.2675,0.3053,0.0220,0,,0.100,2,0,0.000,,0,0.0402,-19.22,-5.24,15.03,HEAD_FORWARD
6.634,201,30.15,1,0.3466,0.2708,0.3087,0.0094,0,,0.100,2,0,0.000,,0,0.0400,-18.74,-5.51,14.81,HEAD_FORWARD
6.667,202,30.15,1,0.3462,0.2804,0.3133,0.0063,0,,0.100,2,0,0.000,,0,0.0398,-17.96,-5.98,14.34,HEAD_FORWARD
6.700,203,30.15,1,0.3283,0.2769,0.3026,0.0049,0,,0.100,2,0,0.000,,0,0.0396,-16.95,-6.52,12.95,HEAD_FORWARD
6.733,204,30.15,1,0.3196,0.2769,0.2982,0.0045,0,,0.100,2,0,0.000,,0,0.0394,-15.28,-5.82,10.79,HEAD_FORWARD
6.767,205,30.15,1,0.3168,0.2802,0.2985,0.0082,0,,0.100,2,0,0.000,,0,0.0392,-13.26,-5.82,8.47,HEAD_FORWARD
6.800,206,30.15,1,0.3132,0.2839,0.2985,0.0093,0,,0.100,2,0,0.000,,0,0.0390,-11.14,-4.86,6.16,HEAD_FORWARD
6.833,207,30.15,1,0.3129,0.2785,0.2957,0.0085,0,,0.100,2,0,0.000,,0,0.0388,-9.40,-4.06,4.20,HEAD_FORWARD
6.866,208,30.15,1,0.3067,0.2845,0.2956,0.0061,0,,0.100,2,0,0.000,,0,0.0386,-7.52,-3.63,3.13,HEAD_FORWARD
6.899,209,30.15,1,0.3064,0.2906,0.2985,0.0085,0,,0.100,2,0,0.000,,0,0.0385,-6.25,-3.97,2.74,HEAD_FORWARD
6.932,210,30.15,1,0.3013,0.2846,0.2930,0.0086,0,,0.100,2,0,0.000,,0,0.0383,-5.29,-4.06,2.81,HEAD_FORWARD
6.966,211,30.15,1,0.3032,0.2876,0.2954,0.0072,0,,0.100,2,0,0.000,,0,0.0381,-4.74,-4.38,2.92,HEAD_FORWARD
6.999,212,30.15,1,0.3056,0.2961,0.3008,0.0090,0,,0.100,2,0,0.000,,0,0.0379,-4.75,-4.39,3.20,HEAD_FORWARD
7.032,213,30.15,1,0.3082,0.2922,0.3002,0.0093,0,,0.100,2,0,0.000,,0,0.0377,-5.10,-4.55,3.56,HEAD_FORWARD
7.065,214,30.15,1,0.3052,0.2924,0.2988,0.0061,0,,0.100,2,0,0.000,,0,0.0376,-5.50,-4.78,3.78,HEAD_FORWARD
7.098,215,30.15,1,0.2941,0.2800,0.2871,0.0069,0,,0.100,2,0,0.000,,0,0.0374,-5.77,-4.73,3.86,HEAD_FORWARD
7.131,216,30.15,1,0.1825,0.1746,0.1785,0.0031,1,,0.100,2,0,0.000,,0,0.0372,-5.88,-5.74,3.73,HEAD_FORWARD
7.165,217,30.15,1,0.0630,0.0797,0.0714,0.0031,1,,0.100,2,0,0.000,,0,0.0417,-5.77,-6.80,3.74,HEAD_FORWARD
7.198,218,30.15,1,0.0919,0.0960,0.0940,0.0033,1,,0.100,2,0,0.000,,0,0.0461,-5.77,-5.92,3.61,HEAD_FORWARD
7.231,219,30.15,1,0.2232,0.2199,0.2216,0.0058,0,NORMAL_BLINK,0.100,3,0,0.000,,0,0.0505,-6.02,-5.03,3.66,HEAD_FORWARD
7.264,220,30.15,1,0.2552,0.2487,0.2520,0.0041,0,,0.100,3,0,0.000,,0,0.0502,-5.97,-5.31,3.72,HEAD_FORWARD
7.297,221,30.15,1,0.2762,0.2659,0.2710,0.0079,0,,0.100,3,0,0.000,,0,0.0500,-6.16,-5.07,3.61,HEAD_FORWARD
7.331,222,30.15,1,0.2857,0.2778,0.2818,0.0083,0,,0.100,3,0,0.000,,0,0.0498,-6.16,-4.56,3.62,HEAD_FORWARD
7.364,223,30.15,1,0.2804,0.2754,0.2779,0.0074,0,,0.100,3,0,0.000,,0,0.0495,-6.27,-4.72,3.56,HEAD_FORWARD
7.397,224,30.15,1,0.2921,0.2848,0.2885,0.0102,0,,0.100,3,0,0.000,,0,0.0493,-6.18,-4.47,3.45,HEAD_FORWARD
7.430,225,30.15,1,0.2905,0.2815,0.2860,0.0101,0,,0.100,3,0,0.000,,0,0.0491,-6.32,-4.50,3.25,HEAD_FORWARD
7.463,226,30.15,1,0.2899,0.2823,0.2861,0.0096,0,,0.100,3,0,0.000,,0,0.0489,-6.22,-4.20,3.26,HEAD_FORWARD
7.496,227,30.15,1,0.2905,0.2849,0.2877,0.0105,0,,0.100,3,0,0.000,,0,0.0487,-6.35,-4.37,3.01,HEAD_FORWARD
7.530,228,30.15,1,0.2894,0.2786,0.2840,0.0097,0,,0.100,3,0,0.000,,0,0.0485,-6.46,-3.92,2.99,HEAD_FORWARD
7.563,229,30.15,1,0.2955,0.2809,0.2882,0.0089,0,,0.100,3,0,0.000,,0,0.0482,-6.58,-3.75,2.95,HEAD_FORWARD
7.596,230,30.15,1,0.3012,0.2857,0.2934,0.0084,0,,0.100,3,0,0.000,,0,0.0480,-6.59,-3.68,2.95,HEAD_FORWARD
7.629,231,30.15,1,0.2975,0.2880,0.2927,0.0064,0,,0.100,3,0,0.000,,0,0.0478,-6.65,-3.62,3.03,HEAD_FORWARD
7.662,232,30.15,1,0.2969,0.2881,0.2925,0.0065,0,,0.100,3,0,0.000,,0,0.0476,-6.86,-3.75,3.05,HEAD_FORWARD
7.695,233,30.15,1,0.3068,0.2905,0.2987,0.0077,0,,0.100,3,0,0.000,,0,0.0474,-7.45,-3.23,3.12,HEAD_FORWARD
7.729,234,30.15,1,0.3039,0.2876,0.2958,0.0061,0,,0.100,3,0,0.000,,0,0.0472,-7.90,-3.40,3.22,HEAD_FORWARD
7.762,235,30.15,1,0.3055,0.2873,0.2964,0.0059,0,,0.100,3,0,0.000,,0,0.0470,-8.46,-4.27,3.64,HEAD_FORWARD
7.795,236,30.15,1,0.3103,0.2805,0.2954,0.0072,0,,0.100,3,0,0.000,,0,0.0468,-10.17,-4.14,4.23,HEAD_FORWARD
7.828,237,30.15,1,0.3098,0.2836,0.2967,0.0061,0,,0.100,3,0,0.000,,0,0.0466,-12.17,-5.71,5.50,HEAD_FORWARD
7.861,238,30.15,1,0.3239,0.2857,0.3048,0.0088,0,,0.100,3,0,0.000,,0,0.0464,-15.41,-7.22,7.28,HEAD_FORWARD
7.894,239,30.15,1,0.3263,0.2747,0.3005,0.0062,0,,0.100,3,0,0.000,,0,0.0462,-19.38,-8.40,9.46,HEAD_FORWARD
7.928,240,30.15,1,0.3418,0.2833,0.3126,0.0077,0,,0.100,3,0,0.000,,0,0.0460,-21.65,-9.69,11.54,HEAD_LEFT
7.961,241,30.15,1,0.3620,0.2955,0.3288,0.0129,0,,0.100,3,0,0.000,,0,0.0458,-23.11,-11.47,13.42,HEAD_LEFT
7.994,242,30.15,1,0.3738,0.2911,0.3324,0.0112,0,,0.100,3,0,0.000,,0,0.0456,-23.82,-11.62,15.00,HEAD_LEFT
8.027,243,30.15,1,0.3875,0.2929,0.3402,0.0141,0,,0.100,3,0,0.000,,0,0.0455,-24.10,-12.52,15.62,HEAD_LEFT
8.060,244,30.15,1,0.3833,0.2916,0.3375,0.0129,0,,0.100,3,0,0.000,,0,0.0453,-23.79,-13.18,15.91,HEAD_LEFT
8.093,245,30.15,1,0.3772,0.2925,0.3348,0.0132,0,,0.100,3,0,0.000,,0,0.0451,-23.03,-12.81,15.43,HEAD_LEFT
8.127,246,30.15,1,0.3716,0.2930,0.3323,0.0127,0,,0.100,3,0,0.000,,0,0.0449,-22.52,-12.81,15.31,HEAD_LEFT
8.160,247,30.15,1,0.3671,0.2924,0.3297,0.0076,0,,0.100,3,0,0.000,,0,0.0447,-22.31,-12.65,14.95,HEAD_LEFT
8.193,248,30.15,1,0.3711,0.3013,0.3362,0.0112,0,,0.100,3,0,0.000,,0,0.0445,-21.36,-11.81,14.33,HEAD_LEFT
8.226,249,30.15,1,0.3582,0.2954,0.3268,0.0105,0,,0.100,3,0,0.000,,0,0.0444,-20.37,-11.52,13.75,HEAD_LEFT
8.259,250,30.15,1,0.3495,0.2991,0.3243,0.0137,0,,0.100,3,0,0.000,,0,0.0442,-18.69,-10.90,12.50,HEAD_FORWARD
8.292,251,30.15,1,0.3295,0.2935,0.3115,0.0088,0,,0.100,3,0,0.000,,0,0.0440,-15.92,-9.53,10.44,HEAD_FORWARD
8.326,252,30.15,1,0.3239,0.2948,0.3094,0.0051,0,,0.100,3,0,0.000,,0,0.0438,-12.10,-7.46,8.55,HEAD_FORWARD
8.359,253,30.15,1,0.3089,0.3076,0.3082,0.0059,0,,0.100,3,0,0.000,,0,0.0437,-7.06,-5.59,6.16,HEAD_FORWARD
8.392,254,30.15,1,0.2845,0.3069,0.2957,0.0068,0,,0.100,3,0,0.000,,0,0.0435,-2.32,-4.08,4.08,HEAD_FORWARD
8.425,255,30.15,1,0.2766,0.3006,0.2886,0.0050,0,,0.100,3,0,0.000,,0,0.0433,2.78,-4.51,2.42,HEAD_FORWARD
8.458,256,30.15,1,0.2730,0.3046,0.2888,0.0072,0,,0.100,3,0,0.000,,0,0.0431,6.49,-3.68,1.09,HEAD_FORWARD
8.491,257,30.15,1,0.2740,0.3091,0.2916,0.0045,0,,0.100,3,0,0.000,,0,0.0430,9.21,-5.39,-0.17,HEAD_FORWARD
8.525,258,30.15,1,0.2703,0.3206,0.2954,0.0029,0,,0.100,3,0,0.000,,0,0.0428,10.74,-4.93,-0.85,HEAD_FORWARD
8.558,259,30.15,1,0.2819,0.3361,0.3090,0.0034,0,,0.100,3,0,0.000,,0,0.0426,11.26,-5.37,-1.42,HEAD_FORWARD
8.591,260,30.15,1,0.2808,0.3430,0.3119,0.0040,0,,0.100,3,0,0.000,,0,0.0425,11.49,-5.22,-1.67,HEAD_FORWARD
8.624,261,30.15,1,0.2791,0.3387,0.3089,0.0045,0,,0.100,3,0,0.000,,0,0.0423,10.97,-5.04,-2.07,HEAD_FORWARD
8.657,262,30.15,1,0.2731,0.3362,0.3047,0.0025,0,,0.100,3,0,0.000,,0,0.0421,10.94,-4.94,-2.15,HEAD_FORWARD
8.690,263,30.15,1,0.2840,0.3508,0.3174,0.0038,0,,0.100,3,0,0.000,,0,0.0420,10.84,-5.19,-2.67,HEAD_FORWARD
8.724,264,30.15,1,0.2744,0.3311,0.3027,0.0032,0,,0.100,3,0,0.000,,0,0.0418,10.66,-4.96,-2.67,HEAD_FORWARD
8.757,265,30.15,1,0.2808,0.3379,0.3094,0.0032,0,,0.100,3,0,0.000,,0,0.0417,10.75,-5.31,-3.03,HEAD_FORWARD
8.790,266,30.15,1,0.2796,0.3319,0.3058,0.0064,0,,0.100,3,0,0.000,,0,0.0415,10.73,-5.19,-3.11,HEAD_FORWARD
8.823,267,30.15,1,0.2759,0.3322,0.3041,0.0057,0,,0.100,3,0,0.000,,0,0.0414,10.62,-4.38,-2.86,HEAD_FORWARD
8.856,268,30.15,1,0.2753,0.3334,0.3043,0.0051,0,,0.100,3,0,0.000,,0,0.0412,10.61,-4.94,-2.85,HEAD_FORWARD
8.889,269,30.15,1,0.2487,0.3014,0.2750,0.0049,0,,0.100,3,0,0.000,,0,0.0410,10.27,-5.64,-3.58,HEAD_FORWARD
8.923,270,30.15,1,0.0891,0.0918,0.0905,0.0049,1,,0.100,3,0,0.000,,0,0.0409,10.21,-5.04,-4.04,HEAD_FORWARD
8.956,271,30.15,1,0.0860,0.0967,0.0914,0.0100,1,,0.100,3,0,0.000,,0,0.0444,9.46,-6.41,-4.11,HEAD_FORWARD
8.989,272,30.15,1,0.0718,0.1060,0.0889,0.0073,1,,0.100,3,0,0.000,,0,0.0480,9.06,-6.27,-3.78,HEAD_FORWARD
9.022,273,30.15,1,0.1363,0.1469,0.1416,0.0049,1,,0.100,3,0,0.000,,0,0.0515,8.61,-5.95,-3.37,HEAD_FORWARD
9.055,274,30.15,1,0.1973,0.2289,0.2131,0.0045,0,NORMAL_BLINK,0.133,4,0,0.000,,0,0.0549,7.78,-6.47,-2.91,HEAD_FORWARD
9.088,275,30.15,1,0.2022,0.2401,0.2211,0.0055,0,,0.133,4,0,0.000,,0,0.0547,6.94,-6.54,-2.47,HEAD_FORWARD
9.122,276,30.15,1,0.2141,0.2469,0.2305,0.0056,0,,0.133,4,0,0.000,,0,0.0545,6.34,-5.97,-1.93,HEAD_FORWARD
9.155,277,30.15,1,0.2307,0.2665,0.2486,0.0060,0,,0.133,4,0,0.000,,0,0.0543,5.52,-6.24,-1.45,HEAD_FORWARD
9.188,278,30.15,1,0.2442,0.2824,0.2633,0.0061,0,,0.133,4,0,0.000,,0,0.0542,4.89,-5.88,-1.18,HEAD_FORWARD
9.221,279,30.15,1,0.2500,0.2851,0.2675,0.0056,0,,0.133,4,0,0.000,,0,0.0540,4.56,-6.22,-0.87,HEAD_FORWARD
9.254,280,30.15,1,0.2454,0.2775,0.2614,0.0061,0,,0.133,4,0,0.000,,0,0.0538,4.27,-6.00,-0.69,HEAD_FORWARD
9.288,281,30.15,1,0.2582,0.2939,0.2761,0.0048,0,,0.133,4,0,0.000,,0,0.0536,4.09,-6.34,-0.64,HEAD_FORWARD
9.321,282,30.15,1,0.2525,0.2818,0.2672,0.0052,0,,0.133,4,0,0.000,,0,0.0534,3.88,-6.64,-0.38,HEAD_FORWARD
9.354,283,30.15,1,0.2538,0.2879,0.2709,0.0048,0,,0.133,4,0,0.000,,0,0.0532,3.33,-6.34,-0.31,HEAD_FORWARD
9.387,284,30.15,1,0.2556,0.2888,0.2722,0.0042,0,,0.133,4,0,0.000,,0,0.0530,3.21,-6.96,-0.36,HEAD_FORWARD
9.420,285,30.15,1,0.2605,0.2984,0.2795,0.0041,0,,0.133,4,0,0.000,,0,0.0528,2.95,-6.77,-0.24,HEAD_FORWARD
9.453,286,30.15,1,0.2566,0.2865,0.2716,0.0055,0,,0.133,4,0,0.000,,0,0.0526,2.75,-6.49,-0.08,HEAD_FORWARD
9.487,287,30.15,1,0.2627,0.2929,0.2778,0.0038,0,,0.133,4,0,0.000,,0,0.0524,2.62,-6.72,0.08,HEAD_FORWARD
9.520,288,30.15,1,0.2196,0.2542,0.2369,0.0049,0,,0.133,4,0,0.000,,0,0.0523,2.71,-6.55,-0.00,HEAD_FORWARD
9.553,289,30.15,1,0.0435,0.0596,0.0516,0.0045,1,,0.133,4,0,0.000,,0,0.0521,3.05,-7.02,-0.29,HEAD_FORWARD
9.586,290,30.15,1,0.0269,0.0497,0.0383,0.0108,1,,0.133,4,0,0.000,,0,0.0554,3.15,-7.21,-0.59,HEAD_FORWARD
9.619,291,30.15,1,0.0262,0.0461,0.0361,0.0037,1,,0.133,4,0,0.000,,0,0.0586,3.06,-6.86,-0.43,HEAD_FORWARD
9.652,292,30.15,1,0.0271,0.0539,0.0405,0.0071,1,,0.133,4,0,0.000,,0,0.0619,2.89,-6.94,-0.41,HEAD_FORWARD
9.686,293,30.15,1,0.0347,0.0597,0.0472,0.0060,1,,0.133,4,0,0.000,,0,0.0651,2.83,-6.85,-0.54,HEAD_FORWARD
9.719,294,30.15,1,0.0273,0.0575,0.0424,0.0029,1,,0.133,4,0,0.000,,0,0.0683,2.91,-7.11,-0.49,HEAD_FORWARD
9.752,295,30.15,1,0.0245,0.0537,0.0391,0.0034,1,,0.133,4,0,0.000,,0,0.0714,2.80,-6.63,-0.54,HEAD_FORWARD
9.785,296,30.15,1,0.0231,0.0455,0.0343,0.0039,1,,0.133,4,0,0.000,,0,0.0746,2.78,-6.73,-0.40,HEAD_FORWARD
9.818,297,30.15,1,0.0277,0.0529,0.0403,0.0058,1,,0.133,4,0,0.000,,0,0.0777,2.76,-6.65,-0.33,HEAD_FORWARD
9.851,298,30.15,1,0.0265,0.0457,0.0361,0.0054,1,,0.133,4,0,0.000,,0,0.0808,2.62,-6.72,-0.15,HEAD_FORWARD
9.885,299,30.15,1,0.0267,0.0546,0.0406,0.0040,1,,0.133,4,0,0.000,,0,0.0839,2.56,-6.69,-0.47,HEAD_FORWARD
9.918,300,30.15,1,0.0307,0.0497,0.0402,0.0022,1,,0.133,4,0,0.000,,0,0.0870,2.70,-6.88,-0.32,HEAD_FORWARD
9.951,301,30.15,1,0.0280,0.0577,0.0429,0.0043,1,,0.133,4,0,0.000,,0,0.0900,2.42,-7.02,-0.37,HEAD_FORWARD
9.984,302,30.15,1,0.0338,0.0646,0.0492,0.0044,1,,0.133,4,0,0.000,,0,0.0930,2.28,-6.73,-0.46,HEAD_FORWARD
10.017,303,30.15,1,0.0316,0.0548,0.0432,0.0048,1,,0.133,4,0,0.000,,0,0.0960,2.31,-6.51,-0.25,HEAD_FORWARD
10.050,304,30.15,1,0.0307,0.0539,0.0423,0.0052,1,,0.133,4,0,0.000,,0,0.0990,2.38,-7.00,-0.29,HEAD_FORWARD
10.084,305,30.15,1,0.0346,0.0524,0.0435,0.0048,1,,0.133,4,0,0.000,,0,0.1020,2.50,-6.53,-0.15,HEAD_FORWARD
10.117,306,30.15,1,0.0255,0.0466,0.0361,0.0051,1,,0.133,4,0,0.000,,0,0.1049,2.41,-6.39,-0.23,HEAD_FORWARD
10.150,307,30.15,1,0.0286,0.0510,0.0398,0.0059,1,,0.133,4,0,0.000,,0,0.1078,2.35,-6.41,-0.29,HEAD_FORWARD
10.183,308,30.15,1,0.0273,0.0503,0.0388,0.0042,1,,0.133,4,0,0.000,,0,0.1107,2.38,-6.62,-0.32,HEAD_FORWARD
10.216,309,30.15,1,0.0357,0.0562,0.0460,0.0030,1,,0.133,4,0,0.000,,0,0.1136,2.36,-6.51,-0.35,HEAD_FORWARD
10.249,310,30.15,1,0.0483,0.0559,0.0521,0.0039,1,,0.133,4,0,0.000,,0,0.1165,2.44,-6.68,-0.46,HEAD_FORWARD
10.283,311,30.15,1,0.0536,0.0694,0.0615,0.0033,1,,0.133,4,0,0.000,,0,0.1194,2.51,-6.31,-0.59,HEAD_FORWARD
10.316,312,30.15,1,0.0453,0.0631,0.0542,0.0045,1,,0.133,4,0,0.000,,0,0.1222,2.58,-6.33,-0.53,HEAD_FORWARD
10.349,313,30.15,1,0.0518,0.0708,0.0613,0.0033,1,,0.133,4,0,0.000,,0,0.1250,2.45,-6.46,-0.52,HEAD_FORWARD
10.382,314,30.15,1,0.0603,0.0896,0.0749,0.0030,1,PROLONGED_CLOSURE,0.829,4,0,0.000,,0,0.1278,2.24,-6.55,-0.43,HEAD_FORWARD
10.415,315,30.15,1,0.0596,0.0725,0.0660,0.0028,1,,0.133,4,0,0.000,,0,0.1306,2.60,-6.56,-0.47,HEAD_FORWARD
10.448,316,30.15,1,0.0627,0.0774,0.0700,0.0032,1,,0.133,4,0,0.000,,0,0.1333,2.22,-6.57,-0.60,HEAD_FORWARD
10.482,317,30.15,1,0.0623,0.0717,0.0670,0.0035,1,,0.133,4,0,0.000,,0,0.1361,2.19,-6.60,-0.58,HEAD_FORWARD
10.515,318,30.15,1,0.0706,0.0823,0.0765,0.0021,1,,0.133,4,0,0.000,,0,0.1388,1.92,-6.72,-0.56,HEAD_FORWARD
10.548,319,30.15,1,0.0608,0.0800,0.0704,0.0050,1,,0.133,4,0,0.000,,0,0.1415,1.99,-6.28,-0.33,HEAD_FORWARD
10.581,320,30.15,1,0.0803,0.0713,0.0758,0.0029,1,,0.133,4,0,0.000,,0,0.1442,1.95,-6.32,-0.28,HEAD_FORWARD
10.614,321,30.15,1,0.0623,0.0808,0.0715,0.0043,1,,0.133,4,0,0.000,,0,0.1469,1.91,-6.57,-0.36,HEAD_FORWARD
10.647,322,30.15,1,0.0541,0.0783,0.0662,0.0048,1,,0.133,4,0,0.000,,0,0.1495,1.97,-6.52,-0.30,HEAD_FORWARD
10.681,323,30.15,1,0.0708,0.0753,0.0730,0.0024,1,,0.133,4,0,0.000,,0,0.1522,1.85,-6.68,-0.33,HEAD_FORWARD
10.714,324,30.15,1,0.0798,0.0790,0.0794,0.0029,1,,0.133,4,0,0.000,,0,0.1548,1.87,-6.52,-0.35,HEAD_FORWARD
10.747,325,30.15,1,0.0667,0.0767,0.0717,0.0044,1,,0.133,4,0,0.000,,0,0.1574,1.90,-6.84,-0.28,HEAD_FORWARD
10.780,326,30.15,1,0.0622,0.0715,0.0669,0.0041,1,,0.133,4,0,0.000,,0,0.1600,2.05,-6.94,-0.43,HEAD_FORWARD
10.813,327,30.15,1,0.0712,0.0738,0.0725,0.0027,1,,0.133,4,0,0.000,,0,0.1626,1.99,-6.82,-0.31,HEAD_FORWARD
10.846,328,30.15,1,0.0758,0.0760,0.0759,0.0028,1,,0.133,4,0,0.000,,0,0.1651,1.74,-7.09,-0.22,HEAD_FORWARD
10.880,329,30.15,1,0.0611,0.0832,0.0722,0.0025,1,,0.133,4,0,0.000,,0,0.1677,1.54,-7.00,-0.37,HEAD_FORWARD
10.913,330,30.15,1,0.0540,0.0686,0.0613,0.0025,1,,0.133,4,0,0.000,,0,0.1702,1.69,-6.55,-0.06,HEAD_FORWARD
10.946,331,30.15,1,0.0838,0.0872,0.0855,0.0035,1,,0.133,4,0,0.000,,0,0.1727,1.95,-6.68,-0.45,HEAD_FORWARD
10.979,332,30.15,1,0.0644,0.0711,0.0677,0.0043,1,,0.133,4,0,0.000,,0,0.1752,1.64,-6.59,-0.42,HEAD_FORWARD
11.012,333,30.15,1,0.0610,0.0737,0.0673,0.0029,1,,0.133,4,0,0.000,,0,0.1777,1.85,-6.90,-0.36,HEAD_FORWARD
11.046,334,30.15,1,0.0532,0.0727,0.0629,0.0040,1,,0.133,4,0,0.000,,0,0.1802,1.80,-7.17,-0.58,HEAD_FORWARD
11.079,335,30.15,1,0.0639,0.0701,0.0670,0.0035,1,,0.133,4,0,0.000,,0,0.1826,1.87,-6.69,-0.48,HEAD_FORWARD
11.112,336,30.15,1,0.0508,0.0596,0.0552,0.0034,1,,0.133,4,0,0.000,,0,0.1851,1.84,-6.74,-0.37,HEAD_FORWARD
11.145,337,30.15,1,0.0528,0.0640,0.0584,0.0036,1,,0.133,4,0,0.000,,0,0.1875,2.02,-6.57,-0.48,HEAD_FORWARD
11.178,338,30.15,1,0.0508,0.0644,0.0576,0.0033,1,,0.133,4,0,0.000,,0,0.1899,1.88,-6.48,-0.47,HEAD_FORWARD
11.211,339,30.15,1,0.0491,0.0585,0.0538,0.0045,1,,0.133,4,0,0.000,,0,0.1923,1.91,-6.39,-0.50,HEAD_FORWARD
11.245,340,30.15,1,0.0559,0.0598,0.0578,0.0046,1,,0.133,4,0,0.000,,0,0.1947,2.00,-6.53,-0.48,HEAD_FORWARD
11.278,341,30.15,1,0.0546,0.0591,0.0568,0.0043,1,,0.133,4,0,0.000,,0,0.1971,1.98,-6.82,-0.37,HEAD_FORWARD
11.311,342,30.15,1,0.0653,0.0614,0.0634,0.0054,1,,0.133,4,0,0.000,,0,0.1994,1.90,-6.62,-0.36,HEAD_FORWARD
11.344,343,30.15,1,0.0546,0.0605,0.0575,0.0057,1,,0.133,4,0,0.000,,0,0.2018,1.88,-6.21,-0.40,HEAD_FORWARD
11.377,344,30.15,1,0.0420,0.0490,0.0455,0.0043,1,,0.133,4,0,0.000,,0,0.2041,1.86,-6.33,-0.33,HEAD_FORWARD
11.410,345,30.15,1,0.0493,0.0633,0.0563,0.0057,1,,0.133,4,0,0.000,,0,0.2064,1.78,-6.24,-0.40,HEAD_FORWARD
11.444,346,30.15,1,0.0699,0.0852,0.0776,0.0033,1,,0.133,4,0,0.000,,0,0.2087,1.79,-6.49,-0.49,HEAD_FORWARD
11.477,347,30.15,1,0.1048,0.1050,0.1049,0.0031,1,,0.133,4,0,0.000,,0,0.2110,1.82,-6.36,-0.48,HEAD_FORWARD
11.510,348,30.15,1,0.1622,0.1849,0.1735,0.0035,1,,0.133,4,0,0.000,,0,0.2133,1.51,-7.00,-0.60,HEAD_FORWARD
11.543,349,30.15,1,0.2023,0.2199,0.2111,0.0045,0,,1.990,4,0,0.000,,0,0.2155,1.56,-7.43,-0.70,HEAD_FORWARD
11.576,350,30.15,1,0.2151,0.2352,0.2251,0.0041,0,,1.990,4,0,0.000,,0,0.2149,1.63,-6.87,-0.48,HEAD_FORWARD
11.609,351,30.15,1,0.2318,0.2530,0.2424,0.0052,0,,1.990,4,0,0.000,,0,0.2143,1.50,-7.36,-0.51,HEAD_FORWARD
11.643,352,30.15,1,0.2385,0.2604,0.2495,0.0039,0,,1.990,4,0,0.000,,0,0.2137,1.11,-6.93,-0.47,HEAD_FORWARD
11.676,353,30.15,1,0.2414,0.2674,0.2544,0.0041,0,,1.990,4,0,0.000,,0,0.2131,1.05,-7.01,-0.39,HEAD_FORWARD
11.709,354,30.15,1,0.2410,0.2661,0.2535,0.0032,0,,1.990,4,0,0.000,,0,0.2125,1.01,-7.07,-0.46,HEAD_FORWARD
11.742,355,30.15,1,0.2442,0.2677,0.2559,0.0033,0,,1.990,4,0,0.000,,0,0.2119,1.21,-7.28,-0.48,HEAD_FORWARD
11.775,356,30.15,1,0.2501,0.2756,0.2629,0.0037,0,,1.990,4,0,0.000,,0,0.2113,1.37,-7.24,-0.33,HEAD_FORWARD
11.808,357,30.15,1,0.2579,0.2831,0.2705,0.0031,0,,1.990,4,0,0.000,,0,0.2107,1.32,-7.43,-0.35,HEAD_FORWARD
11.842,358,30.15,1,0.2539,0.2803,0.2671,0.0030,0,,1.990,4,0,0.000,,0,0.2101,1.25,-6.79,-0.42,HEAD_FORWARD
11.875,359,30.15,1,0.2599,0.2819,0.2709,0.0037,0,,1.990,4,0,0.000,,0,0.2095,1.32,-6.95,-0.40,HEAD_FORWARD
11.908,360,30.15,1,0.2610,0.2836,0.2723,0.0034,0,,1.990,4,0,0.000,,0,0.2089,1.04,-6.93,-0.37,HEAD_FORWARD
11.941,361,30.15,1,0.2699,0.2888,0.2793,0.0034,0,,1.990,4,0,0.000,,0,0.2083,1.31,-7.14,-0.49,HEAD_FORWARD
11.974,362,30.15,1,0.2719,0.2987,0.2853,0.0040,0,,1.990,4,0,0.000,,0,0.2078,1.31,-6.94,-0.34,HEAD_FORWARD
12.007,363,30.15,1,0.2558,0.2744,0.2651,0.0041,0,,1.990,4,0,0.000,,0,0.2072,1.06,-6.85,-0.50,HEAD_FORWARD
12.041,364,30.15,1,0.2445,0.2644,0.2544,0.0043,0,,1.990,4,0,0.000,,0,0.2066,1.21,-7.07,-0.49,HEAD_FORWARD
12.074,365,30.15,1,0.1867,0.2113,0.1990,0.0048,1,,1.990,4,0,0.000,,0,0.2060,1.36,-7.54,-0.39,HEAD_FORWARD
12.107,366,30.15,1,0.0883,0.0791,0.0837,0.0029,1,,1.990,4,0,0.000,,0,0.2082,1.42,-6.28,-0.43,HEAD_FORWARD
12.140,367,30.15,1,0.0780,0.0926,0.0853,0.0042,1,,1.990,4,0,0.000,,0,0.2104,1.39,-5.79,-0.41,HEAD_FORWARD
12.173,368,30.15,1,0.0855,0.1004,0.0930,0.0037,1,,1.990,4,0,0.000,,0,0.2125,1.45,-6.48,-0.78,HEAD_FORWARD
12.206,369,30.15,1,0.0691,0.0915,0.0803,0.0027,1,,1.990,4,0,0.000,,0,0.2147,1.45,-6.19,-0.78,HEAD_FORWARD
12.240,370,30.15,1,0.0638,0.0749,0.0694,0.0021,1,,1.990,4,0,0.000,,0,0.2168,1.63,-6.13,-0.74,HEAD_FORWARD
12.273,371,30.15,1,0.0683,0.0817,0.0750,0.0029,1,,1.990,4,0,0.000,,0,0.2189,1.62,-6.24,-0.76,HEAD_FORWARD
12.306,372,30.15,1,0.0631,0.0687,0.0659,0.0025,1,,1.990,4,0,0.000,,0,0.2210,1.47,-5.91,-0.66,HEAD_FORWARD
12.339,373,30.15,1,0.0674,0.0746,0.0710,0.0052,1,,1.990,4,0,0.000,,0,0.2231,1.72,-6.11,-0.68,HEAD_FORWARD
12.372,374,30.15,1,0.0669,0.0780,0.0724,0.0053,1,,1.990,4,0,0.000,,0,0.2252,1.48,-6.11,-0.72,HEAD_FORWARD
12.405,375,30.15,1,0.0504,0.0656,0.0580,0.0039,1,,1.990,4,0,0.000,,0,0.2273,1.60,-6.14,-0.70,HEAD_FORWARD
12.439,376,30.15,1,0.0735,0.0654,0.0694,0.0052,1,,1.990,4,0,0.000,,0,0.2293,1.33,-5.88,-0.65,HEAD_FORWARD
12.472,377,30.15,1,0.0727,0.0714,0.0720,0.0034,1,,1.990,4,0,0.000,,0,0.2314,1.41,-6.37,-0.66,HEAD_FORWARD
12.505,378,30.15,1,0.0764,0.0707,0.0736,0.0028,1,,1.990,4,0,0.000,,0,0.2334,1.30,-6.11,-0.78,HEAD_FORWARD
12.538,379,30.15,1,0.0603,0.0608,0.0605,0.0022,1,,1.990,4,0,0.000,,0,0.2354,1.34,-6.28,-0.77,HEAD_FORWARD
12.571,380,30.15,1,0.0692,0.0685,0.0689,0.0031,1,,1.990,4,0,0.000,,0,0.2375,1.48,-6.23,-0.94,HEAD_FORWARD
12.604,381,30.15,1,0.0598,0.0599,0.0598,0.0037,1,,1.990,4,0,0.000,,0,0.2395,1.57,-6.42,-0.86,HEAD_FORWARD
12.638,382,30.15,1,0.0447,0.0561,0.0504,0.0039,1,,1.990,4,0,0.000,,0,0.2415,1.55,-6.32,-0.78,HEAD_FORWARD
12.671,383,30.15,1,0.0286,0.0515,0.0401,0.0040,1,,1.990,4,0,0.000,,0,0.2435,1.63,-6.18,-0.91,HEAD_FORWARD
12.704,384,30.15,1,0.0379,0.0638,0.0509,0.0031,1,,1.990,4,0,0.000,,0,0.2454,1.34,-6.34,-0.86,HEAD_FORWARD
12.737,385,30.15,1,0.0291,0.0492,0.0392,0.0033,1,,1.990,4,0,0.000,,0,0.2474,1.35,-6.25,-0.78,HEAD_FORWARD
12.770,386,30.15,1,0.0392,0.0644,0.0518,0.0027,1,,1.990,4,0,0.000,,0,0.2494,1.59,-6.10,-0.74,HEAD_FORWARD
12.804,387,30.15,1,0.0379,0.0540,0.0459,0.0053,1,,1.990,4,0,0.000,,0,0.2513,1.55,-6.25,-0.85,HEAD_FORWARD
12.837,388,30.15,1,0.0538,0.0572,0.0555,0.0062,1,,1.990,4,0,0.000,,0,0.2532,1.53,-6.20,-0.77,HEAD_FORWARD
12.870,389,30.15,1,0.0377,0.0502,0.0440,0.0037,1,,1.990,4,0,0.000,,0,0.2552,1.47,-6.13,-0.84,HEAD_FORWARD
12.903,390,30.15,1,0.0447,0.0627,0.0537,0.0028,1,PROLONGED_CLOSURE,0.829,4,0,0.000,,0,0.2571,1.52,-5.92,-0.90,HEAD_FORWARD
12.936,391,30.15,1,0.0492,0.0729,0.0610,0.0016,1,,1.990,4,0,0.000,,0,0.2590,1.37,-5.99,-0.83,HEAD_FORWARD
12.969,392,30.15,1,0.0444,0.0567,0.0505,0.0027,1,,1.990,4,0,0.000,,0,0.2609,1.46,-5.61,-0.83,HEAD_FORWARD
13.003,393,30.15,1,0.0373,0.0541,0.0457,0.0031,1,,1.990,4,0,0.000,,0,0.2628,1.39,-6.17,-0.87,HEAD_FORWARD
13.036,394,30.15,1,0.0471,0.0683,0.0577,0.0030,1,,1.990,4,0,0.000,,0,0.2646,1.23,-5.82,-0.86,HEAD_FORWARD
13.069,395,30.15,1,0.0539,0.0646,0.0593,0.0032,1,,1.990,4,0,0.000,,0,0.2665,1.25,-5.82,-0.84,HEAD_FORWARD
13.102,396,30.15,1,0.0500,0.0581,0.0541,0.0046,1,,1.990,4,0,0.000,,0,0.2684,1.53,-5.74,-0.83,HEAD_FORWARD
13.135,397,30.15,1,0.0492,0.0586,0.0539,0.0025,1,,1.990,4,0,0.000,,0,0.2702,1.57,-5.90,-0.90,HEAD_FORWARD
13.168,398,30.15,1,0.0482,0.0586,0.0534,0.0041,1,,1.990,4,0,0.000,,0,0.2720,1.53,-5.75,-0.85,HEAD_FORWARD
13.202,399,30.15,1,0.0452,0.0646,0.0549,0.0045,1,,1.990,4,0,0.000,,0,0.2739,1.44,-5.88,-1.05,HEAD_FORWARD
13.235,400,30.15,1,0.0335,0.0561,0.0448,0.0062,1,,1.990,4,0,0.000,,0,0.2757,1.47,-5.93,-1.02,HEAD_FORWARD
13.268,401,30.15,1,0.0430,0.0611,0.0520,0.0037,1,,1.990,4,0,0.000,,0,0.2775,1.54,-5.69,-1.03,HEAD_FORWARD
13.301,402,30.15,1,0.0442,0.0550,0.0496,0.0069,1,,1.990,4,0,0.000,,0,0.2793,1.43,-5.71,-1.09,HEAD_FORWARD
13.334,403,30.15,1,0.0468,0.0616,0.0542,0.0038,1,,1.990,4,0,0.000,,0,0.2811,1.42,-5.54,-0.98,HEAD_FORWARD
13.367,404,30.15,1,0.0407,0.0564,0.0486,0.0048,1,,1.990,4,0,0.000,,0,0.2829,1.41,-5.61,-0.93,HEAD_FORWARD
13.401,405,30.15,1,0.0525,0.0753,0.0639,0.0031,1,,1.990,4,0,0.000,,0,0.2847,1.38,-5.81,-1.11,HEAD_FORWARD
13.434,406,30.15,1,0.0444,0.0564,0.0504,0.0036,1,,1.990,4,0,0.000,,0,0.2864,1.18,-5.90,-1.23,HEAD_FORWARD
13.467,407,30.15,1,0.0436,0.0562,0.0499,0.0072,1,,1.990,4,0,0.000,,0,0.2882,1.43,-5.63,-1.07,HEAD_FORWARD
13.500,408,30.15,1,0.0513,0.0747,0.0630,0.0022,1,,1.990,4,0,0.000,,0,0.2899,1.14,-5.50,-1.18,HEAD_FORWARD
13.533,409,30.15,1,0.0618,0.0761,0.0690,0.0023,1,,1.990,4,0,0.000,,0,0.2917,1.25,-5.75,-1.03,HEAD_FORWARD
13.566,410,30.15,1,0.0606,0.0834,0.0720,0.0019,1,,1.990,4,0,0.000,,0,0.2934,1.29,-5.56,-1.35,HEAD_FORWARD
13.600,411,30.15,1,0.1713,0.1930,0.1822,0.0034,1,,1.990,4,0,0.000,,0,0.2951,1.22,-5.71,-1.37,HEAD_FORWARD
13.633,412,30.15,1,0.2577,0.2877,0.2727,0.0061,0,,1.559,4,0,0.000,,0,0.2968,1.00,-5.57,-1.35,HEAD_FORWARD
13.666,413,30.15,1,0.3034,0.3268,0.3151,0.0066,0,,1.559,4,0,0.000,,0,0.2961,1.17,-4.39,-1.25,HEAD_FORWARD
13.699,414,30.15,1,0.3321,0.3526,0.3424,0.0087,0,,1.559,4,0,0.000,,0,0.2954,0.99,-3.93,-0.93,HEAD_FORWARD
13.732,415,30.15,1,0.3472,0.3712,0.3592,0.0098,0,,1.559,4,0,0.000,,0,0.2947,1.11,-4.00,-0.92,HEAD_FORWARD
13.765,416,30.15,1,0.3603,0.3795,0.3699,0.0075,0,,1.559,4,0,0.000,,0,0.2940,1.05,-4.60,-1.06,HEAD_FORWARD
13.799,417,30.15,1,0.3559,0.3751,0.3655,0.0099,0,,1.559,4,0,0.000,,0,0.2933,1.01,-4.37,-0.96,HEAD_FORWARD
13.832,418,30.15,1,0.3617,0.3859,0.3738,0.0106,0,,1.559,4,0,0.000,,0,0.2926,1.17,-3.76,-0.86,HEAD_FORWARD
13.865,419,30.15,1,0.3609,0.3832,0.3720,0.0084,0,,1.559,4,0,0.000,,0,0.2919,1.15,-4.72,-0.94,HEAD_FORWARD
13.898,420,30.15,1,0.3620,0.3813,0.3717,0.0101,0,,1.559,4,0,0.000,,0,0.2912,0.99,-4.06,-0.87,HEAD_FORWARD
13.931,421,30.15,1,0.3646,0.3846,0.3746,0.0076,0,,1.559,4,0,0.000,,0,0.2905,1.18,-4.86,-0.94,HEAD_FORWARD
13.964,422,30.15,1,0.3594,0.3775,0.3685,0.0091,0,,1.559,4,0,0.000,,0,0.2898,1.04,-4.44,-0.96,HEAD_FORWARD
13.998,423,30.15,1,0.3451,0.3683,0.3567,0.0083,0,,1.559,4,0,0.000,,0,0.2891,1.20,-3.53,-0.73,HEAD_FORWARD
14.031,424,30.15,1,0.3411,0.3547,0.3479,0.0074,0,,1.559,4,0,0.000,,0,0.2884,0.96,-3.74,-0.57,HEAD_FORWARD
14.064,425,30.15,1,0.3374,0.3571,0.3472,0.0081,0,,1.559,4,0,0.000,,0,0.2877,1.02,-4.22,-0.60,HEAD_FORWARD
14.097,426,30.15,1,0.3254,0.3475,0.3364,0.0073,0,,1.559,4,0,0.000,,0,0.2871,1.34,-4.27,-0.62,HEAD_FORWARD
14.130,427,30.15,1,0.3209,0.3380,0.3295,0.0087,0,,1.559,4,0,0.000,,0,0.2864,1.18,-4.61,-0.79,HEAD_FORWARD
14.163,428,30.15,1,0.3020,0.3250,0.3135,0.0081,0,,1.559,4,0,0.000,,0,0.2857,1.15,-5.21,-1.04,HEAD_FORWARD
14.197,429,30.15,1,0.2784,0.2966,0.2875,0.0043,0,,1.559,4,0,0.000,,0,0.2850,1.17,-5.50,-1.01,HEAD_FORWARD
14.230,430,30.15,1,0.2658,0.2875,0.2766,0.0068,0,,1.559,4,0,0.000,,0,0.2844,1.14,-5.20,-0.95,HEAD_FORWARD
14.263,431,30.15,1,0.2605,0.2870,0.2738,0.0049,0,,1.559,4,0,0.000,,0,0.2837,1.01,-5.76,-1.09,HEAD_FORWARD
14.296,432,30.15,1,0.2460,0.2696,0.2578,0.0032,0,,1.559,4,0,0.000,,0,0.2831,0.91,-5.31,-0.82,HEAD_FORWARD
14.329,433,30.15,1,0.2264,0.2574,0.2419,0.0030,0,,1.559,4,0,0.000,,0,0.2824,1.02,-5.37,-1.04,HEAD_FORWARD
14.362,434,30.15,1,0.1922,0.2284,0.2103,0.0038,0,,1.559,4,0,0.000,,0,0.2818,0.96,-5.21,-0.96,HEAD_FORWARD
14.396,435,30.15,1,0.1449,0.2021,0.1735,0.0036,1,,1.559,4,0,0.000,,0,0.2811,1.04,-5.24,-0.96,HEAD_FORWARD
14.429,436,30.15,1,0.1290,0.1481,0.1385,0.0054,1,,1.559,4,0,0.000,,0,0.2828,0.96,-5.23,-1.17,HEAD_FORWARD
14.462,437,30.15,1,0.1183,0.1487,0.1335,0.0078,1,,1.559,4,0,0.000,,0,0.2844,1.07,-5.46,-1.07,HEAD_FORWARD
14.495,438,30.15,1,0.0729,0.0962,0.0846,0.0065,1,,1.559,4,0,0.000,,0,0.2860,0.96,-5.31,-1.01,HEAD_FORWARD
14.528,439,30.15,1,0.0670,0.0889,0.0779,0.0025,1,,1.559,4,0,0.000,,0,0.2877,0.91,-4.97,-0.98,HEAD_FORWARD
14.561,440,30.15,1,0.0736,0.1077,0.0907,0.0044,1,,1.559,4,0,0.000,,0,0.2893,1.05,-5.25,-0.99,HEAD_FORWARD
14.595,441,30.15,1,0.0615,0.0788,0.0702,0.0048,1,,1.559,4,0,0.000,,0,0.2909,1.15,-5.34,-1.04,HEAD_FORWARD
14.628,442,30.15,1,0.0595,0.0674,0.0635,0.0020,1,,1.559,4,0,0.000,,0,0.2925,1.03,-5.08,-0.84,HEAD_FORWARD
14.661,443,30.15,1,0.0513,0.0678,0.0596,0.0038,1,,1.559,4,0,0.000,,0,0.2941,1.12,-5.04,-1.03,HEAD_FORWARD
14.694,444,30.15,1,0.0498,0.0579,0.0539,0.0029,1,,1.559,4,0,0.000,,0,0.2957,1.18,-5.09,-1.02,HEAD_FORWARD
14.727,445,30.15,1,0.0580,0.0732,0.0656,0.0038,1,,1.559,4,0,0.000,,0,0.2973,0.89,-5.77,-1.04,HEAD_FORWARD
14.761,446,30.15,1,0.0589,0.0624,0.0606,0.0033,1,,1.559,4,0,0.000,,0,0.2989,1.04,-5.24,-1.11,HEAD_FORWARD
14.794,447,30.15,1,0.0457,0.0602,0.0530,0.0038,1,,1.559,4,0,0.000,,0,0.3004,1.16,-5.47,-1.02,HEAD_FORWARD
14.827,448,30.15,1,0.0437,0.0432,0.0434,0.0031,1,,1.559,4,0,0.000,,0,0.3020,1.00,-5.41,-0.94,HEAD_FORWARD
14.860,449,30.15,1,0.0472,0.0477,0.0474,0.0054,1,,1.559,4,0,0.000,,0,0.3036,1.18,-5.29,-0.93,HEAD_FORWARD
14.893,450,30.15,1,0.0515,0.0589,0.0552,0.0031,1,,1.559,4,0,0.000,,0,0.3051,1.17,-5.17,-0.88,HEAD_FORWARD
14.926,451,30.15,1,0.0484,0.0545,0.0514,0.0046,1,,1.559,4,0,0.000,,0,0.3067,1.15,-5.57,-0.85,HEAD_FORWARD
14.960,452,30.15,1,0.0436,0.0419,0.0427,0.0062,1,,1.559,4,0,0.000,,0,0.3082,1.34,-5.23,-0.76,HEAD_FORWARD
14.993,453,30.15,1,0.0422,0.0420,0.0421,0.0041,1,,1.559,4,0,0.000,,0,0.3097,1.32,-5.22,-0.78,HEAD_FORWARD
15.026,454,30.15,1,0.0382,0.0463,0.0422,0.0033,1,,1.559,4,0,0.000,,0,0.3113,1.21,-5.64,-0.84,HEAD_FORWARD
15.059,455,30.15,1,0.0474,0.0584,0.0529,0.0045,1,,1.559,4,0,0.000,,0,0.3128,1.17,-5.13,-0.87,HEAD_FORWARD
15.092,456,30.15,1,0.1490,0.1240,0.1365,0.0042,1,,1.559,4,0,0.000,,0,0.3143,1.03,-5.71,-0.96,HEAD_FORWARD
15.125,457,30.15,1,0.2157,0.2206,0.2182,0.0042,0,LONG_BLINK,0.730,5,0,0.000,,0,0.3158,0.84,-6.29,-1.08,HEAD_FORWARD
15.159,458,30.15,1,0.2394,0.2456,0.2425,0.0043,0,,0.730,5,0,0.000,,0,0.3151,0.73,-6.12,-0.95,HEAD_FORWARD
15.192,459,30.15,1,0.2417,0.2561,0.2489,0.0046,0,,0.730,5,0,0.000,,0,0.3144,0.51,-6.05,-0.90,HEAD_FORWARD
15.225,460,30.15,1,0.2481,0.2617,0.2549,0.0039,0,,0.730,5,0,0.000,,0,0.3137,0.51,-5.89,-0.84,HEAD_FORWARD
15.258,461,30.15,1,0.2487,0.2653,0.2570,0.0042,0,,0.730,5,0,0.000,,0,0.3130,0.39,-5.87,-0.77,HEAD_FORWARD
15.291,462,30.15,1,0.2487,0.2638,0.2562,0.0042,0,,0.730,5,0,0.000,,0,0.3124,0.48,-6.06,-0.70,HEAD_FORWARD
15.324,463,30.15,1,0.2442,0.2607,0.2524,0.0039,0,,0.730,5,0,0.000,,0,0.3117,0.56,-6.08,-0.66,HEAD_FORWARD
15.358,464,30.15,1,0.2360,0.2525,0.2442,0.0046,0,,0.730,5,0,0.000,,0,0.3110,0.47,-6.49,-0.63,HEAD_FORWARD
15.391,465,30.15,1,0.2423,0.2561,0.2492,0.0074,0,,0.730,5,0,0.000,,0,0.3103,0.60,-6.84,-0.57,HEAD_FORWARD
15.424,466,30.15,1,0.2397,0.2546,0.2471,0.0197,0,,0.730,5,0,0.000,,0,0.3097,0.37,-6.90,-0.52,HEAD_FORWARD
15.457,467,30.15,1,0.2417,0.2572,0.2494,0.4042,0,,0.730,5,0,0.000,,0,0.3090,0.15,-6.72,-0.17,HEAD_FORWARD
15.490,468,30.15,1,0.2428,0.2513,0.2470,0.7225,0,,0.730,5,1,0.000,YAWN_START,0,0.3084,0.51,-5.01,0.34,HEAD_FORWARD
15.523,469,30.15,1,0.2536,0.2552,0.2544,0.9682,0,,0.730,5,1,0.033,,0,0.3077,-0.15,-5.88,0.51,HEAD_FORWARD
15.557,470,30.15,1,0.2557,0.2592,0.2574,1.2798,0,,0.730,5,1,0.066,,0,0.3070,-0.83,-8.51,0.11,HEAD_FORWARD
15.590,471,30.15,1,0.2433,0.2456,0.2445,1.4125,0,,0.730,5,1,0.100,,0,0.3064,-1.36,-11.10,-0.00,HEAD_FORWARD
15.623,472,30.15,1,0.2395,0.2432,0.2413,1.5146,0,,0.730,5,1,0.133,,0,0.3057,-1.69,-12.78,-0.01,HEAD_FORWARD
15.656,473,30.15,1,0.2396,0.2427,0.2412,1.4943,0,,0.730,5,1,0.166,,0,0.3051,-1.84,-14.64,-0.15,HEAD_FORWARD
15.689,474,30.15,1,0.2299,0.2348,0.2323,1.5428,0,,0.730,5,1,0.199,,0,0.3044,-2.28,-16.70,-0.30,HEAD_UP
15.722,475,30.15,1,0.2334,0.2398,0.2366,1.5822,0,,0.730,5,1,0.232,,0,0.3038,-2.06,-17.59,-0.38,HEAD_UP
15.756,476,30.15,1,0.2260,0.2378,0.2319,1.5757,0,,0.730,5,1,0.265,,0,0.3032,-2.47,-19.23,-0.32,HEAD_UP
15.789,477,30.15,1,0.2325,0.2415,0.2370,1.6106,0,,0.730,5,1,0.299,,0,0.3025,-2.69,-19.31,-0.29,HEAD_UP
15.822,478,30.15,1,0.2190,0.2221,0.2206,1.5983,0,,0.730,5,1,0.332,,0,0.3019,-3.05,-19.58,-0.06,HEAD_UP
15.855,479,30.15,1,0.2094,0.2100,0.2097,1.6747,1,,0.730,5,1,0.365,,0,0.3013,-3.07,-19.15,0.14,HEAD_UP
15.888,480,30.15,1,0.2075,0.1963,0.2019,1.6398,1,,0.730,5,1,0.398,,0,0.3027,-4.01,-20.64,0.12,HEAD_UP
15.921,481,30.15,1,0.2028,0.1910,0.1969,1.6992,1,,0.730,5,1,0.431,,0,0.3042,-4.02,-19.49,0.35,HEAD_UP
15.955,482,30.15,1,0.2074,0.1994,0.2034,1.6204,1,,0.730,5,1,0.464,,0,0.3056,-4.30,-20.03,0.23,HEAD_UP
15.988,483,30.15,1,0.2007,0.1967,0.1987,1.5980,1,,0.730,5,1,0.498,,0,0.3071,-4.56,-20.78,0.58,HEAD_UP
16.021,484,30.15,1,0.2027,0.1982,0.2004,1.5869,1,,0.730,5,1,0.531,,0,0.3085,-4.80,-20.91,0.64,HEAD_UP
16.054,485,30.15,1,0.1965,0.1974,0.1969,1.5378,1,,0.730,5,1,0.564,,0,0.3099,-5.12,-20.89,0.62,HEAD_UP
16.087,486,30.15,1,0.1924,0.1931,0.1928,1.5730,1,,0.730,5,1,0.597,,0,0.3113,-5.11,-21.20,0.89,HEAD_UP
16.120,487,30.15,1,0.1850,0.1899,0.1874,1.5202,1,,0.730,5,1,0.630,,0,0.3128,-5.45,-20.87,1.01,HEAD_UP
16.154,488,30.15,1,0.1851,0.1839,0.1845,1.5584,1,,0.730,5,1,0.663,,0,0.3142,-5.18,-20.23,0.74,HEAD_UP
16.187,489,30.15,1,0.1812,0.1854,0.1833,1.5431,1,,0.730,5,1,0.697,,0,0.3156,-5.32,-19.95,0.85,HEAD_UP
16.220,490,30.15,1,0.1776,0.1749,0.1762,1.5639,1,,0.730,5,1,0.730,,0,0.3170,-5.54,-19.77,0.70,HEAD_UP
16.253,491,30.15,1,0.1859,0.1758,0.1809,1.5437,1,,0.730,5,1,0.763,,0,0.3184,-5.43,-20.10,0.62,HEAD_UP
16.286,492,30.15,1,0.1887,0.1771,0.1829,1.6435,1,,0.730,5,1,0.796,,0,0.3198,-5.06,-20.61,0.30,HEAD_UP
16.319,493,30.15,1,0.1842,0.1770,0.1806,1.5294,1,,0.730,5,1,0.829,,0,0.3211,-5.41,-20.84,0.52,HEAD_UP
16.353,494,30.15,1,0.1876,0.1742,0.1809,1.5932,1,,0.730,5,1,0.862,,0,0.3225,-5.53,-20.38,0.46,HEAD_UP
16.386,495,30.15,1,0.1864,0.1790,0.1827,1.5146,1,,0.730,5,1,0.896,,0,0.3239,-5.69,-20.88,0.33,HEAD_UP
16.419,496,30.15,1,0.1858,0.1763,0.1811,1.5022,1,,0.730,5,1,0.929,,0,0.3253,-5.39,-20.98,0.61,HEAD_UP
16.452,497,30.15,1,0.1849,0.1752,0.1800,1.4836,1,,0.730,5,1,0.962,,0,0.3266,-5.59,-20.20,0.54,HEAD_UP
16.485,498,30.15,1,0.1812,0.1668,0.1740,1.5009,1,,0.730,5,1,0.995,,0,0.3280,-5.71,-20.07,0.51,HEAD_UP
16.519,499,30.15,1,0.1797,0.1634,0.1715,1.5446,1,,0.730,5,1,1.028,,0,0.3293,-5.52,-19.54,0.41,HEAD_UP
16.552,500,30.15,1,0.1870,0.1690,0.1780,1.5493,1,,0.730,5,1,1.061,,0,0.3307,-5.55,-19.98,0.25,HEAD_UP
16.585,501,30.15,1,0.1774,0.1576,0.1675,1.5879,1,,0.730,5,1,1.095,,0,0.3320,-5.65,-19.86,0.43,HEAD_UP
16.618,502,30.15,1,0.1704,0.1527,0.1616,1.6038,1,,0.730,5,1,1.128,,0,0.3333,-5.32,-19.13,0.22,HEAD_UP
16.651,503,30.15,1,0.1682,0.1517,0.1600,1.5765,1,,0.730,5,1,1.161,,0,0.3347,-5.27,-19.33,0.17,HEAD_UP
16.684,504,30.15,1,0.1757,0.1588,0.1673,1.6144,1,PROLONGED_CLOSURE,0.829,5,1,1.194,,0,0.3360,-5.22,-19.11,0.26,HEAD_UP
16.718,505,30.15,1,0.1752,0.1527,0.1640,1.6028,1,,0.730,5,1,1.227,,0,0.3373,-5.46,-19.04,0.10,HEAD_UP
16.751,506,30.15,1,0.1691,0.1572,0.1631,1.5941,1,,0.730,5,1,1.260,,0,0.3386,-5.14,-19.13,0.23,HEAD_UP
16.784,507,30.15,1,0.1603,0.1529,0.1566,1.5810,1,,0.730,5,1,1.294,,0,0.3399,-5.78,-19.22,0.35,HEAD_UP
16.817,508,30.15,1,0.1639,0.1487,0.1563,1.6143,1,,0.730,5,1,1.327,,0,0.3412,-5.41,-19.48,0.18,HEAD_UP
16.850,509,30.15,1,0.1768,0.1612,0.1690,1.5979,1,,0.730,5,1,1.360,,0,0.3425,-5.33,-19.58,0.24,HEAD_UP
16.883,510,30.15,1,0.1630,0.1515,0.1573,1.5711,1,,0.730,5,1,1.393,,0,0.3438,-5.14,-19.81,0.29,HEAD_UP
16.917,511,30.15,1,0.1567,0.1500,0.1533,1.5995,1,,0.730,5,1,1.426,,0,0.3451,-4.68,-18.00,0.44,HEAD_UP
16.950,512,30.15,1,0.1577,0.1422,0.1499,1.5479,1,,0.730,5,1,1.459,,0,0.3464,-4.90,-19.88,0.32,HEAD_UP
16.983,513,30.15,1,0.1502,0.1495,0.1498,1.5374,1,,0.730,5,1,1.493,,0,0.3477,-5.09,-19.34,0.46,HEAD_UP
17.016,514,30.15,1,0.1122,0.1148,0.1135,1.3640,1,,0.730,5,1,1.526,,0,0.3489,-5.02,-18.71,1.13,HEAD_UP
17.049,515,30.15,1,0.0951,0.0933,0.0942,0.9584,1,,0.730,5,1,1.559,,0,0.3502,-5.19,-19.01,0.93,HEAD_UP
17.082,516,30.15,1,0.0833,0.0907,0.0870,0.6829,1,,0.730,5,1,1.592,,0,0.3515,-5.12,-16.93,0.85,HEAD_UP
17.116,517,30.15,1,0.0692,0.0864,0.0778,0.5327,1,,0.730,5,0,1.625,YAWN_END,0,0.3527,-5.28,-15.85,0.41,HEAD_UP
17.149,518,30.15,1,0.0744,0.0987,0.0866,0.4092,1,,0.730,5,0,0.000,,0,0.3540,-4.75,-15.67,0.45,HEAD_UP
17.182,519,30.15,1,0.0798,0.0917,0.0857,0.3411,1,,0.730,5,0,0.000,,0,0.3552,-4.66,-14.96,0.88,HEAD_FORWARD
17.215,520,30.15,1,0.0798,0.0992,0.0895,0.2590,1,,0.730,5,0,0.000,,0,0.3565,-4.74,-15.12,1.25,HEAD_UP
17.248,521,30.15,1,0.0866,0.1078,0.0972,0.2362,1,,0.730,5,0,0.000,,0,0.3577,-4.43,-15.02,1.62,HEAD_UP
17.281,522,30.15,1,0.1030,0.1239,0.1135,0.1487,1,,0.730,5,0,0.000,,0,0.3589,-4.53,-15.22,1.49,HEAD_UP
17.315,523,30.15,1,0.0972,0.1226,0.1099,0.0720,1,,0.730,5,0,0.000,,0,0.3602,-4.45,-14.81,1.40,HEAD_FORWARD
17.348,524,30.15,1,0.1059,0.1387,0.1223,0.0226,1,,0.730,5,0,0.000,,0,0.3614,-4.85,-14.70,1.15,HEAD_FORWARD
17.381,525,30.15,1,0.1180,0.1437,0.1308,0.0060,1,,0.730,5,0,0.000,,0,0.3626,-4.94,-14.72,1.10,HEAD_FORWARD
17.414,526,30.15,1,0.1203,0.1382,0.1292,0.0024,1,,0.730,5,0,0.000,,0,0.3638,-5.12,-14.30,0.97,HEAD_FORWARD
17.447,527,30.15,1,0.1202,0.1375,0.1289,0.0039,1,,0.730,5,0,0.000,,0,0.3650,-5.20,-14.57,1.08,HEAD_FORWARD
17.480,528,30.15,1,0.1350,0.1407,0.1378,0.0046,1,,0.730,5,0,0.000,,0,0.3662,-5.28,-13.98,1.24,HEAD_FORWARD
17.514,529,30.15,1,0.1326,0.1389,0.1357,0.0038,1,,0.730,5,0,0.000,,0,0.3674,-5.24,-13.98,1.21,HEAD_FORWARD
17.547,530,30.15,1,0.1301,0.1493,0.1397,0.0028,1,,0.730,5,0,0.000,,0,0.3686,-5.08,-13.89,1.33,HEAD_FORWARD
17.580,531,30.15,1,0.1271,0.1535,0.1403,0.0023,1,,0.730,5,0,0.000,,0,0.3698,-5.01,-13.66,1.41,HEAD_FORWARD
17.613,532,30.15,1,0.1349,0.1568,0.1458,0.0030,1,,0.730,5,0,0.000,,0,0.3710,-5.07,-13.52,1.45,HEAD_FORWARD
17.646,533,30.15,1,0.1443,0.1665,0.1554,0.0040,1,,0.730,5,0,0.000,,0,0.3722,-4.88,-13.21,1.36,HEAD_FORWARD
17.679,534,30.15,1,0.1641,0.1711,0.1676,0.0026,1,,0.730,5,0,0.000,,0,0.3734,-4.67,-13.35,1.45,HEAD_FORWARD
17.713,535,30.15,1,0.1717,0.1835,0.1776,0.0035,1,,0.730,5,0,0.000,,0,0.3745,-4.68,-12.80,1.30,HEAD_FORWARD
17.746,536,30.15,1,0.1690,0.1737,0.1713,0.0025,1,,0.730,5,0,0.000,,0,0.3757,-4.67,-12.60,1.34,HEAD_FORWARD
17.779,537,30.15,1,0.1595,0.1709,0.1652,0.0041,1,,0.730,5,0,0.000,,0,0.3769,-4.67,-13.36,1.27,HEAD_FORWARD
17.812,538,30.15,1,0.1588,0.1738,0.1663,0.0042,1,,0.730,5,0,0.000,,0,0.3780,-4.88,-14.49,1.08,HEAD_FORWARD
17.845,539,30.15,1,0.1242,0.1509,0.1376,0.0032,1,,0.730,5,0,0.000,,0,0.3792,-5.18,-15.31,0.95,HEAD_UP
17.878,540,30.15,1,0.1322,0.1220,0.1271,0.5534,1,,0.730,5,0,0.000,,0,0.3803,-5.31,-16.20,0.92,HEAD_UP
17.912,541,30.15,1,0.1265,0.1448,0.1356,0.8926,1,,0.730,5,0,0.000,,0,0.3815,-5.21,-15.90,1.24,HEAD_UP
17.945,542,30.15,1,0.1318,0.1243,0.1281,1.1383,1,,0.730,5,0,0.000,,0,0.3826,-5.63,-14.69,1.59,HEAD_FORWARD
17.978,543,30.15,1,0.1534,0.1448,0.1491,1.3759,1,,0.730,5,0,0.000,,0,0.3838,-5.30,-16.28,1.36,HEAD_UP
18.011,544,30.15,1,0.1585,0.1443,0.1514,1.5640,1,,0.730,5,0,0.000,,0,0.3849,-5.58,-16.46,1.03,HEAD_UP
18.044,545,30.15,1,0.1698,0.1613,0.1656,1.6754,1,,0.730,5,0,0.000,,0,0.3860,-5.27,-17.17,0.69,HEAD_UP
18.077,546,30.15,1,0.1682,0.1465,0.1574,1.5866,1,,0.730,5,0,0.000,,0,0.3872,-5.67,-18.27,0.77,HEAD_UP
18.111,547,30.15,1,0.1640,0.1479,0.1560,1.5712,1,,0.730,5,0,0.000,,0,0.3883,-5.55,-18.94,0.94,HEAD_UP
18.144,548,30.15,1,0.1599,0.1471,0.1535,1.5881,1,,0.730,5,0,0.000,,0,0.3894,-5.64,-18.52,0.89,HEAD_UP
18.177,549,30.15,1,0.1582,0.1463,0.1523,1.5840,1,,0.730,5,0,0.000,,0,0.3905,-6.76,-19.17,1.77,HEAD_UP
18.210,550,30.15,1,0.1046,0.1260,0.1153,1.2456,1,,0.730,5,0,0.000,,0,0.3916,-6.66,-19.17,2.19,HEAD_UP
18.243,551,30.15,1,0.1242,0.1227,0.1234,0.6449,1,,0.730,5,0,0.000,,0,0.3927,-6.09,-22.43,1.92,HEAD_UP
18.277,552,30.15,1,0.1370,0.1118,0.1244,0.0242,1,,0.730,5,0,0.000,,0,0.3938,-6.09,-24.14,1.94,HEAD_UP
18.310,553,30.15,1,0.1339,0.1227,0.1283,0.0410,1,,0.730,5,0,0.000,,0,0.3949,-7.42,-19.93,2.94,HEAD_UP
18.343,554,30.15,1,0.1519,0.1281,0.1400,0.0229,1,,0.730,5,0,0.000,,0,0.3960,-7.59,-18.53,2.56,HEAD_UP
18.376,555,30.15,1,0.0819,0.0916,0.0868,0.0161,1,,0.730,5,0,0.000,,0,0.3971,-6.73,-17.94,2.28,HEAD_UP
18.409,556,30.15,1,0.0726,0.0815,0.0771,0.0255,1,,0.730,5,0,0.000,,0,0.3982,-7.91,-17.30,3.19,HEAD_UP
18.442,557,30.15,1,0.1368,0.1101,0.1235,0.0382,1,,0.730,5,0,0.000,,0,0.3993,-6.28,-18.62,5.34,HEAD_UP
18.476,558,30.15,1,0.1299,0.1080,0.1189,0.0293,1,,0.730,5,0,0.000,,0,0.4004,-6.53,-18.72,5.74,HEAD_UP
18.509,559,30.15,1,0.1149,0.0897,0.1023,0.0159,1,,0.730,5,0,0.000,,0,0.4014,-6.54,-17.23,5.47,HEAD_UP
18.542,560,30.15,1,0.1405,0.0995,0.1200,0.0092,1,,0.730,5,0,0.000,,0,0.4025,-6.74,-18.28,5.21,HEAD_UP
18.575,561,30.15,1,0.1473,0.1084,0.1279,0.0058,1,,0.730,5,0,0.000,,0,0.4036,-7.20,-16.91,5.55,HEAD_UP
18.608,562,30.15,1,0.1268,0.1000,0.1134,0.0123,1,,0.730,5,0,0.000,,0,0.4046,-7.11,-16.97,5.18,HEAD_UP
18.641,563,30.15,1,0.1435,0.1063,0.1249,0.0127,1,,0.730,5,0,0.000,,0,0.4057,-6.64,-16.96,5.47,HEAD_UP
18.675,564,30.15,1,0.1158,0.0950,0.1054,0.0098,1,,0.730,5,0,0.000,,0,0.4067,-7.06,-16.72,4.96,HEAD_UP
18.708,565,30.15,1,0.1178,0.0867,0.1022,0.0108,1,,0.730,5,0,0.000,,0,0.4078,-6.56,-17.70,5.51,HEAD_UP
18.741,566,30.15,1,0.1151,0.0894,0.1022,0.0123,1,,0.730,5,0,0.000,,0,0.4088,-6.26,-17.60,5.25,HEAD_UP
18.774,567,30.15,1,0.1107,0.0828,0.0968,0.0085,1,,0.730,5,0,0.000,,0,0.4099,-6.13,-16.90,4.96,HEAD_UP
18.807,568,30.15,1,0.1065,0.0920,0.0993,0.0109,1,,0.730,5,0,0.000,,0,0.4109,-6.35,-16.44,4.29,HEAD_UP
18.840,569,30.15,1,0.1077,0.0871,0.0974,0.0084,1,,0.730,5,0,0.000,,0,0.4120,-6.25,-16.49,4.64,HEAD_UP
18.874,570,30.15,1,0.1143,0.1028,0.1086,0.0123,1,,0.730,5,0,0.000,,0,0.4130,-6.62,-16.57,4.75,HEAD_UP
18.907,571,30.15,1,0.0866,0.0832,0.0849,0.0066,1,,0.730,5,0,0.000,,0,0.4140,-6.70,-15.72,4.88,HEAD_UP
18.940,572,30.15,1,0.1313,0.0999,0.1156,0.0093,1,,0.730,5,0,0.000,,0,0.4151,-6.65,-17.69,5.39,HEAD_UP
18.973,573,30.15,1,0.0938,0.0811,0.0875,0.0097,1,,0.730,5,0,0.000,,0,0.4161,-6.33,-16.42,5.27,HEAD_UP
19.006,574,30.15,1,0.1082,0.0949,0.1016,0.0100,1,,0.730,5,0,0.000,,0,0.4171,-6.39,-16.42,5.44,HEAD_UP
19.039,575,30.15,1,0.1043,0.0924,0.0984,0.0099,1,,0.730,5,0,0.000,,0,0.4181,-6.28,-16.19,5.18,HEAD_UP
19.073,576,30.15,1,0.1049,0.0915,0.0982,0.0105,1,,0.730,5,0,0.000,,0,0.4191,-6.11,-16.12,5.09,HEAD_UP
19.106,577,30.15,1,0.1223,0.0924,0.1073,0.0080,1,,0.730,5,0,0.000,,0,0.4201,-6.65,-16.00,4.88,HEAD_UP
19.139,578,30.15,1,0.1205,0.1029,0.1117,0.0069,1,,0.730,5,0,0.000,,0,0.4211,-6.90,-17.06,4.59,HEAD_UP
19.172,579,30.15,1,0.1320,0.1073,0.1196,0.0122,1,,0.730,5,0,0.000,,0,0.4221,-6.47,-16.40,4.96,HEAD_UP
19.205,580,30.15,1,0.1201,0.1062,0.1131,0.0063,1,,0.730,5,0,0.000,,0,0.4231,-6.18,-15.85,4.60,HEAD_UP
19.238,581,30.15,1,0.1366,0.1235,0.1301,0.0137,1,,0.730,5,0,0.000,,0,0.4241,-7.09,-16.75,4.27,HEAD_UP
19.272,582,30.15,1,0.1188,0.1180,0.1184,0.0326,1,,0.730,5,0,0.000,,0,0.4251,-7.82,-16.83,4.58,HEAD_UP
19.305,583,30.15,1,0.1399,0.1113,0.1256,0.0309,1,,0.730,5,0,0.000,,0,0.4261,-6.94,-17.16,5.05,HEAD_UP
19.338,584,30.15,1,0.1411,0.1445,0.1428,0.0058,1,,0.730,5,0,0.000,,0,0.4271,-8.36,-22.86,3.39,HEAD_UP
19.371,585,30.15,1,0.1094,0.1353,0.1223,0.7535,1,,0.730,5,0,0.000,,0,0.4281,-7.20,-20.25,2.91,HEAD_UP
19.404,586,30.15,1,0.1144,0.1288,0.1216,0.5425,1,,0.730,5,0,0.000,,0,0.4291,-6.65,-18.93,2.60,HEAD_UP
19.437,587,30.15,1,0.1438,0.1461,0.1449,0.3575,1,,0.730,5,0,0.000,,0,0.4300,-6.70,-18.39,2.01,HEAD_UP
19.471,588,30.15,1,0.1372,0.1447,0.1409,0.1244,1,,0.730,5,0,0.000,,0,0.4310,-6.01,-18.40,0.72,HEAD_UP
19.504,589,30.15,1,0.1363,0.1533,0.1448,0.0163,1,,0.730,5,0,0.000,,0,0.4320,-5.66,-17.88,0.17,HEAD_UP
19.537,590,30.15,1,0.1680,0.1649,0.1664,0.0023,1,,0.730,5,0,0.000,,0,0.4329,-5.20,-18.08,-0.25,HEAD_UP
19.570,591,30.15,1,0.1639,0.1629,0.1634,0.0057,1,,0.730,5,0,0.000,,0,0.4339,-5.07,-17.52,-0.59,HEAD_UP
19.603,592,30.15,1,0.1686,0.1676,0.1681,0.0081,1,,0.730,5,0,0.000,,0,0.4349,-4.96,-16.73,-0.69,HEAD_UP
19.636,593,30.15,1,0.1667,0.1641,0.1654,0.0104,1,,0.730,5,0,0.000,,0,0.4358,-4.95,-16.03,-0.43,HEAD_UP
19.670,594,30.15,1,0.1753,0.1711,0.1732,0.0082,1,,0.730,5,0,0.000,,0,0.4368,-5.13,-16.07,-0.44,HEAD_UP
19.703,595,30.15,1,0.1865,0.1865,0.1865,0.0058,1,,0.730,5,0,0.000,,0,0.4377,-5.23,-15.17,-0.04,HEAD_UP
19.736,596,30.15,1,0.1695,0.1660,0.1677,0.0045,1,,0.730,5,0,0.000,,0,0.4387,-5.32,-13.32,-0.02,HEAD_FORWARD
19.769,597,30.15,1,0.1844,0.1868,0.1856,0.0050,1,,0.730,5,0,0.000,,0,0.4396,-5.46,-11.99,0.39,HEAD_FORWARD
19.802,598,30.15,1,0.1683,0.1814,0.1749,0.0028,1,,0.730,5,0,0.000,,0,0.4405,-5.65,-9.56,0.78,HEAD_FORWARD
19.835,599,30.15,1,0.1755,0.1808,0.1781,0.0027,1,,0.730,5,0,0.000,,0,0.4415,-5.65,-8.44,1.29,HEAD_FORWARD
19.869,600,30.15,1,0.2062,0.2076,0.2069,0.0041,1,,0.730,5,0,0.000,,0,0.4424,-5.54,-7.89,1.79,HEAD_FORWARD
19.902,601,30.15,1,0.2220,0.2229,0.2225,0.0020,0,,4.047,5,0,0.000,,0,0.4433,-5.35,-6.75,2.33,HEAD_FORWARD
19.935,602,30.15,1,0.2308,0.2345,0.2327,0.0026,0,,4.047,5,0,0.000,,0,0.4426,-4.91,-5.31,2.80,HEAD_FORWARD
19.968,603,30.15,1,0.2164,0.2301,0.2232,0.0024,0,,4.047,5,0,0.000,,0,0.4419,-4.81,-5.09,2.94,HEAD_FORWARD
20.001,604,30.15,1,0.2202,0.2258,0.2230,0.0022,0,,4.047,5,0,0.000,,0,0.4411,-4.65,-4.62,2.75,HEAD_FORWARD
20.034,605,30.15,1,0.2247,0.2289,0.2268,0.0032,0,,4.047,5,0,0.000,,0,0.4404,-4.60,-4.31,2.79,HEAD_FORWARD
20.068,606,30.15,1,0.2195,0.2260,0.2227,0.0032,0,,4.047,5,0,0.000,,0,0.4397,-4.55,-3.77,2.94,HEAD_FORWARD
20.101,607,30.15,1,0.2248,0.2299,0.2274,0.0026,0,,4.047,5,0,0.000,,0,0.4389,-4.39,-3.65,2.99,HEAD_FORWARD
20.134,608,30.15,1,0.2333,0.2380,0.2356,0.0042,0,,4.047,5,0,0.000,,0,0.4382,-4.24,-3.27,3.13,HEAD_FORWARD
20.167,609,30.15,1,0.2408,0.2409,0.2408,0.0048,0,,4.047,5,0,0.000,,0,0.4375,-4.29,-3.18,3.20,HEAD_FORWARD
20.200,610,30.15,1,0.2410,0.2425,0.2417,0.0034,0,,4.047,5,0,0.000,,0,0.4368,-4.65,-2.93,3.16,HEAD_FORWARD
20.234,611,30.15,1,0.2417,0.2419,0.2418,0.0030,0,,4.047,5,0,0.000,,0,0.4361,-4.45,-2.97,3.17,HEAD_FORWARD
20.267,612,30.15,1,0.2446,0.2460,0.2453,0.0026,0,,4.047,5,0,0.000,,0,0.4354,-4.27,-3.50,3.22,HEAD_FORWARD
20.300,613,30.15,1,0.2395,0.2453,0.2424,0.0046,0,,4.047,5,0,0.000,,0,0.4346,-4.23,-2.81,3.28,HEAD_FORWARD
20.333,614,30.15,1,0.2445,0.2477,0.2461,0.0024,0,,4.047,5,0,0.000,,0,0.4339,-4.28,-3.21,3.49,HEAD_FORWARD
20.366,615,30.15,1,0.2389,0.2477,0.2433,0.0025,0,,4.047,5,0,0.000,,0,0.4332,-4.12,-3.00,3.42,HEAD_FORWARD
20.399,616,30.15,1,0.2434,0.2459,0.2446,0.0027,0,,4.047,5,0,0.000,,0,0.4325,-4.06,-3.65,3.62,HEAD_FORWARD
20.433,617,30.15,1,0.2511,0.2489,0.2500,0.0026,0,,4.047,5,0,0.000,,0,0.4318,-4.25,-3.35,3.51,HEAD_FORWARD
