sample_id,dataset,subject_id,video_id,frame_id,image_path,annotation_path,split,annotation_method,annotation_verified,review_status
base_frame_0005,Original_Baseline,UNKNOWN,test_video_01,frame_0005,data\annotated\images\train\frame_0005.jpg,data\annotated\labels\train\frame_0005.txt,train,Original_Ground_Truth_Audited,True,ACCEPTED_GROUND_TRUTH
base_frame_0020,Original_Baseline,UNKNOWN,test_video_01,frame_0020,data\annotated\images\train\frame_0020.jpg,data\annotated\labels\train\frame_0020.txt,train,Original_Ground_Truth_Audited,True,ACCEPTED_GROUND_TRUTH
base_frame_0035,Original_Baseline,UNKNOWN,test_video_01,frame_0035,data\annotated\images\train\frame_0035.jpg,data\annotated\labels\train\frame_0035.txt,train,Original_Ground_Truth_Audited,True,ACCEPTED_GROUND_TRUTH
base_frame_0051,Original_Baseline,UNKNOWN,test_video_01,frame_0051,data\annotated\images\train\frame_0051.jpg,data\annotated\labels\train\frame_0051.txt,train,Original_Ground_Truth_Audited,True,ACCEPTED_GROUND_TRUTH
base_frame_0066,Original_Baseline,UNKNOWN,test_video_01,frame_0066,data\annotated\images\train\frame_0066.jpg,data\annotated\labels\train\frame_0066.txt,train,Original_Ground_Truth_Audited,True,ACCEPTED_GROUND_TRUTH
base_frame_0082,Original_Baseline,UNKNOWN,test_video_01,frame_0082,data\annotated\images\train\frame_0082.jpg,data\annotated\labels\train\frame_0082.txt,train,Original_Ground_Truth_Audited,True,ACCEPTED_GROUND_TRUTH
base_frame_0097,Original_Baseline,UNKNOWN,test_video_01,frame_0097,data\annotated\images\train\frame_0097.jpg,data\annotated\labels\train\frame_0097.txt,train,Original_Ground_Truth_Audited,True,ACCEPTED_GROUND_TRUTH
base_frame_0113,Original_Baseline,UNKNOWN,test_video_01,frame_0113,data\annotated\images\train\frame_0113.jpg,data\annotated\labels\train\frame_0113.txt,train,Original_Ground_Truth_Audited,True,ACCEPTED_GROUND_TRUTH
base_frame_0128,Original_Baseline,UNKNOWN,test_video_01,frame_0128,data\annotated\images\train\frame_0128.jpg,data\annotated\labels\train\frame_0128.txt,train,Original_Ground_Truth_Audited,True,ACCEPTED_GROUND_TRUTH
base_frame_0143,Original_Baseline,UNKNOWN,test_video_01,frame_0143,data\annotated\images\train\frame_0143.jpg,data\annotated\labels\train\frame_0143.txt,train,Original_Ground_Truth_Audited,True,ACCEPTED_GROUND_TRUTH
base_frame_0159,Original_Baseline,UNKNOWN,test_video_01,frame_0159,data\annotated\images\train\frame_0159.jpg,data\annotated\labels\train\frame_0159.txt,train,Original_Ground_Truth_Audited,True,ACCEPTED_GROUND_TRUTH
base_frame_0174,Original_Baseline,UNKNOWN,test_video_01,frame_0174,data\annotated\images\train\frame_0174.jpg,data\annotated\labels\train\frame_0174.txt,train,Original_Ground_Truth_Audited,True,ACCEPTED_GROUND_TRUTH
base_frame_0190,Original_Baseline,UNKNOWN,test_video_01,frame_0190,data\annotated\images\train\frame_0190.jpg,data\annotated\labels\train\frame_0190.txt,train,Original_Ground_Truth_Audited,True,ACCEPTED_GROUND_TRUTH
base_frame_0205,Original_Baseline,UNKNOWN,test_video_01,frame_0205,data\annotated\images\train\frame_0205.jpg,data\annotated\labels\train\frame_0205.txt,train,Original_Ground_Truth_Audited,True,ACCEPTED_GROUND_TRUTH
base_frame_0221,Original_Baseline,UNKNOWN,test_video_01,frame_0221,data\annotated\images\train\frame_0221.jpg,data\annotated\labels\train\frame_0221.txt,train,Original_Ground_Truth_Audited,True,ACCEPTED_GROUND_TRUTH
base_frame_0236,Original_Baseline,UNKNOWN,test_video_01,frame_0236,data\annotated\images\train\frame_0236.jpg,data\annotated\labels\train\frame_0236.txt,train,Original_Ground_Truth_Audited,True,ACCEPTED_GROUND_TRUTH
base_frame_0251,Original_Baseline,UNKNOWN,test_video_01,frame_0251,data\annotated\images\train\frame_0251.jpg,data\annotated\labels\train\frame_0251.txt,train,Original_Ground_Truth_Audited,True,ACCEPTED_GROUND_TRUTH
base_frame_0267,Original_Baseline,UNKNOWN,test_video_01,frame_0267,data\annotated\images\train\frame_0267.jpg,data\annotated\labels\train\frame_0267.txt,train,Original_Ground_Truth_Audited,True,ACCEPTED_GROUND_TRUTH
base_frame_0282,Original_Baseline,UNKNOWN,test_video_01,frame_0282,data\annotated\images\train\frame_0282.jpg,data\annotated\labels\train\frame_0282.txt,train,Original_Ground_Truth_Audited,True,ACCEPTED_GROUND_TRUTH
base_frame_0298,Original_Baseline,UNKNOWN,test_video_01,frame_0298,data\annotated\images\train\frame_0298.jpg,data\annotated\labels\train\frame_0298.txt,train,Original_Ground_Truth_Audited,True,ACCEPTED_GROUND_TRUTH
base_frame_0313,Original_Baseline,UNKNOWN,test_video_01,frame_0313,data\annotated\images\train\frame_0313.jpg,data\annotated\labels\train\frame_0313.txt,train,Original_Ground_Truth_Audited,True,ACCEPTED_GROUND_TRUTH
base_frame_0329,Original_Baseline,UNKNOWN,test_video_01,frame_0329,data\annotated\images\train\frame_0329.jpg,data\annotated\labels\train\frame_0329.txt,train,Original_Ground_Truth_Audited,True,ACCEPTED_GROUND_TRUTH
base_frame_0344,Original_Baseline,UNKNOWN,test_video_01,frame_0344,data\annotated\images\train\frame_0344.jpg,data\annotated\labels\train\frame_0344.txt,train,Original_Ground_Truth_Audited,True,ACCEPTED_GROUND_TRUTH
base_frame_0360,Original_Baseline,UNKNOWN,test_video_01,frame_0360,data\annotated\images\train\frame_0360.jpg,data\annotated\labels\train\frame_0360.txt,train,Original_Ground_Truth_Audited,True,ACCEPTED_GROUND_TRUTH
base_frame_0375,Original_Baseline,UNKNOWN,test_video_01,frame_0375,data\annotated\images\train\frame_0375.jpg,data\annotated\labels\train\frame_0375.txt,train,Original_Ground_Truth_Audited,True,ACCEPTED_GROUND_TRUTH
base_frame_0390,Original_Baseline,UNKNOWN,test_video_01,frame_0390,data\annotated\images\train\frame_0390.jpg,data\annotated\labels\train\frame_0390.txt,train,Original_Ground_Truth_Audited,True,ACCEPTED_GROUND_TRUTH
base_frame_0406,Original_Baseline,UNKNOWN,test_video_01,frame_0406,data\annotated\images\train\frame_0406.jpg,data\annotated\labels\train\frame_0406.txt,train,Original_Ground_Truth_Audited,True,ACCEPTED_GROUND_TRUTH
base_frame_0421,Original_Baseline,UNKNOWN,test_video_01,frame_0421,data\annotated\images\train\frame_0421.jpg,data\annotated\labels\train\frame_0421.txt,train,Original_Ground_Truth_Audited,True,ACCEPTED_GROUND_TRUTH
base_frame_0437,Original_Baseline,UNKNOWN,test_video_01,frame_0437,data\annotated\images\train\frame_0437.jpg,data\annotated\labels\train\frame_0437.txt,train,Original_Ground_Truth_Audited,True,ACCEPTED_GROUND_TRUTH
base_frame_0452,Original_Baseline,UNKNOWN,test_video_01,frame_0452,data\annotated\images\train\frame_0452.jpg,data\annotated\labels\train\frame_0452.txt,train,Original_Ground_Truth_Audited,True,ACCEPTED_GROUND_TRUTH
base_frame_0468,Original_Baseline,UNKNOWN,test_video_01,frame_0468,data\annotated\images\train\frame_0468.jpg,data\annotated\labels\train\frame_0468.txt,train,Original_Ground_Truth_Audited,True,ACCEPTED_GROUND_TRUTH
base_frame_0483,Original_Baseline,UNKNOWN,test_video_01,frame_0483,data\annotated\images\train\frame_0483.jpg,data\annotated\labels\train\frame_0483.txt,train,Original_Ground_Truth_Audited,True,ACCEPTED_GROUND_TRUTH
base_frame_0498,Original_Baseline,UNKNOWN,test_video_01,frame_0498,data\annotated\images\train\frame_0498.jpg,data\annotated\labels\train\frame_0498.txt,train,Original_Ground_Truth_Audited,True,ACCEPTED_GROUND_TRUTH
base_frame_0514,Original_Baseline,UNKNOWN,test_video_01,frame_0514,data\annotated\images\train\frame_0514.jpg,data\annotated\labels\train\frame_0514.txt,train,Original_Ground_Truth_Audited,True,ACCEPTED_GROUND_TRUTH
base_frame_0529,Original_Baseline,UNKNOWN,test_video_01,frame_0529,data\annotated\images\train\frame_0529.jpg,data\annotated\labels\train\frame_0529.txt,train,Original_Ground_Truth_Audited,True,ACCEPTED_GROUND_TRUTH
base_frame_0545,Original_Baseline,UNKNOWN,test_video_01,frame_0545,data\annotated\images\train\frame_0545.jpg,data\annotated\labels\train\frame_0545.txt,train,Original_Ground_Truth_Audited,True,ACCEPTED_GROUND_TRUTH
base_frame_0560,Original_Baseline,UNKNOWN,test_video_01,frame_0560,data\annotated\images\train\frame_0560.jpg,data\annotated\labels\train\frame_0560.txt,train,Original_Ground_Truth_Audited,True,ACCEPTED_GROUND_TRUTH
base_frame_0576,Original_Baseline,UNKNOWN,test_video_01,frame_0576,data\annotated\images\train\frame_0576.jpg,data\annotated\labels\train\frame_0576.txt,train,Original_Ground_Truth_Audited,True,ACCEPTED_GROUND_TRUTH
base_frame_0591,Original_Baseline,UNKNOWN,test_video_01,frame_0591,data\annotated\images\train\frame_0591.jpg,data\annotated\labels\train\frame_0591.txt,train,Original_Ground_Truth_Audited,True,ACCEPTED_GROUND_TRUTH
base_frame_0607,Original_Baseline,UNKNOWN,test_video_01,frame_0607,data\annotated\images\train\frame_0607.jpg,data\annotated\labels\train\frame_0607.txt,train,Original_Ground_Truth_Audited,True,ACCEPTED_GROUND_TRUTH
baseline_extra_0010,Original_Baseline,UNKNOWN,test_video_01,baseline_extra_0010,data\annotated\images\train\baseline_extra_0010.jpg,data\annotated\labels\train\baseline_extra_0010.txt,train,Human_Verified_Calibrated,True,ACCEPTED_GROUND_TRUTH
baseline_extra_0028,Original_Baseline,UNKNOWN,test_video_01,baseline_extra_0028,data\annotated\images\train\baseline_extra_0028.jpg,data\annotated\labels\train\baseline_extra_0028.txt,train,Human_Verified_Calibrated,True,ACCEPTED_GROUND_TRUTH
baseline_extra_0046,Original_Baseline,UNKNOWN,test_video_01,baseline_extra_0046,data\annotated\images\train\baseline_extra_0046.jpg,data\annotated\labels\train\baseline_extra_0046.txt,train,Human_Verified_Calibrated,True,ACCEPTED_GROUND_TRUTH
baseline_extra_0064,Original_Baseline,UNKNOWN,test_video_01,baseline_extra_0064,data\annotated\images\train\baseline_extra_0064.jpg,data\annotated\labels\train\baseline_extra_0064.txt,train,Human_Verified_Calibrated,True,ACCEPTED_GROUND_TRUTH
baseline_extra_0100,Original_Baseline,UNKNOWN,test_video_01,baseline_extra_0100,data\annotated\images\train\baseline_extra_0100.jpg,data\annotated\labels\train\baseline_extra_0100.txt,train,Human_Verified_Calibrated,True,ACCEPTED_GROUND_TRUTH
baseline_extra_0118,Original_Baseline,UNKNOWN,test_video_01,baseline_extra_0118,data\annotated\images\train\baseline_extra_0118.jpg,data\annotated\labels\train\baseline_extra_0118.txt,train,Human_Verified_Calibrated,True,ACCEPTED_GROUND_TRUTH
baseline_extra_0136,Original_Baseline,UNKNOWN,test_video_01,baseline_extra_0136,data\annotated\images\train\baseline_extra_0136.jpg,data\annotated\labels\train\baseline_extra_0136.txt,train,Human_Verified_Calibrated,True,ACCEPTED_GROUND_TRUTH
baseline_extra_0154,Original_Baseline,UNKNOWN,test_video_01,baseline_extra_0154,data\annotated\images\train\baseline_extra_0154.jpg,data\annotated\labels\train\baseline_extra_0154.txt,train,Human_Verified_Calibrated,True,ACCEPTED_GROUND_TRUTH
baseline_extra_0172,Original_Baseline,UNKNOWN,test_video_01,baseline_extra_0172,data\annotated\images\train\baseline_extra_0172.jpg,data\annotated\labels\train\baseline_extra_0172.txt,train,Human_Verified_Calibrated,True,ACCEPTED_GROUND_TRUTH
baseline_extra_0208,Original_Baseline,UNKNOWN,test_video_01,baseline_extra_0208,data\annotated\images\train\baseline_extra_0208.jpg,data\annotated\labels\train\baseline_extra_0208.txt,train,Human_Verified_Calibrated,True,ACCEPTED_GROUND_TRUTH
baseline_extra_0226,Original_Baseline,UNKNOWN,test_video_01,baseline_extra_0226,data\annotated\images\train\baseline_extra_0226.jpg,data\annotated\labels\train\baseline_extra_0226.txt,train,Human_Verified_Calibrated,True,ACCEPTED_GROUND_TRUTH
baseline_extra_0244,Original_Baseline,UNKNOWN,test_video_01,baseline_extra_0244,data\annotated\images\train\baseline_extra_0244.jpg,data\annotated\labels\train\baseline_extra_0244.txt,train,Human_Verified_Calibrated,True,ACCEPTED_GROUND_TRUTH
baseline_extra_0262,Original_Baseline,UNKNOWN,test_video_01,baseline_extra_0262,data\annotated\images\train\baseline_extra_0262.jpg,data\annotated\labels\train\baseline_extra_0262.txt,train,Human_Verified_Calibrated,True,ACCEPTED_GROUND_TRUTH
baseline_extra_0280,Original_Baseline,UNKNOWN,test_video_01,baseline_extra_0280,data\annotated\images\train\baseline_extra_0280.jpg,data\annotated\labels\train\baseline_extra_0280.txt,train,Human_Verified_Calibrated,True,ACCEPTED_GROUND_TRUTH
baseline_extra_0316,Original_Baseline,UNKNOWN,test_video_01,baseline_extra_0316,data\annotated\images\train\baseline_extra_0316.jpg,data\annotated\labels\train\baseline_extra_0316.txt,train,Human_Verified_Calibrated,True,ACCEPTED_GROUND_TRUTH
baseline_extra_0334,Original_Baseline,UNKNOWN,test_video_01,baseline_extra_0334,data\annotated\images\train\baseline_extra_0334.jpg,data\annotated\labels\train\baseline_extra_0334.txt,train,Human_Verified_Calibrated,True,ACCEPTED_GROUND_TRUTH
baseline_extra_0352,Original_Baseline,UNKNOWN,test_video_01,baseline_extra_0352,data\annotated\images\train\baseline_extra_0352.jpg,data\annotated\labels\train\baseline_extra_0352.txt,train,Human_Verified_Calibrated,True,ACCEPTED_GROUND_TRUTH
baseline_extra_0370,Original_Baseline,UNKNOWN,test_video_01,baseline_extra_0370,data\annotated\images\train\baseline_extra_0370.jpg,data\annotated\labels\train\baseline_extra_0370.txt,train,Human_Verified_Calibrated,True,ACCEPTED_GROUND_TRUTH
baseline_extra_0388,Original_Baseline,UNKNOWN,test_video_01,baseline_extra_0388,data\annotated\images\train\baseline_extra_0388.jpg,data\annotated\labels\train\baseline_extra_0388.txt,train,Human_Verified_Calibrated,True,ACCEPTED_GROUND_TRUTH
baseline_extra_0424,Original_Baseline,UNKNOWN,test_video_01,baseline_extra_0424,data\annotated\images\train\baseline_extra_0424.jpg,data\annotated\labels\train\baseline_extra_0424.txt,train,Human_Verified_Calibrated,True,ACCEPTED_GROUND_TRUTH
baseline_extra_0442,Original_Baseline,UNKNOWN,test_video_01,baseline_extra_0442,data\annotated\images\train\baseline_extra_0442.jpg,data\annotated\labels\train\baseline_extra_0442.txt,train,Human_Verified_Calibrated,True,ACCEPTED_GROUND_TRUTH
baseline_extra_0460,Original_Baseline,UNKNOWN,test_video_01,baseline_extra_0460,data\annotated\images\train\baseline_extra_0460.jpg,data\annotated\labels\train\baseline_extra_0460.txt,train,Human_Verified_Calibrated,True,ACCEPTED_GROUND_TRUTH
baseline_extra_0478,Original_Baseline,UNKNOWN,test_video_01,baseline_extra_0478,data\annotated\images\train\baseline_extra_0478.jpg,data\annotated\labels\train\baseline_extra_0478.txt,train,Human_Verified_Calibrated,True,ACCEPTED_GROUND_TRUTH
baseline_extra_0496,Original_Baseline,UNKNOWN,test_video_01,baseline_extra_0496,data\annotated\images\train\baseline_extra_0496.jpg,data\annotated\labels\train\baseline_extra_0496.txt,train,Human_Verified_Calibrated,True,ACCEPTED_GROUND_TRUTH
baseline_extra_0532,Original_Baseline,UNKNOWN,test_video_01,baseline_extra_0532,data\annotated\images\train\baseline_extra_0532.jpg,data\annotated\labels\train\baseline_extra_0532.txt,train,Human_Verified_Calibrated,True,ACCEPTED_GROUND_TRUTH
baseline_extra_0550,Original_Baseline,UNKNOWN,test_video_01,baseline_extra_0550,data\annotated\images\train\baseline_extra_0550.jpg,data\annotated\labels\train\baseline_extra_0550.txt,train,Human_Verified_Calibrated,True,ACCEPTED_GROUND_TRUTH
baseline_extra_0568,Original_Baseline,UNKNOWN,test_video_01,baseline_extra_0568,data\annotated\images\train\baseline_extra_0568.jpg,data\annotated\labels\train\baseline_extra_0568.txt,train,Human_Verified_Calibrated,True,ACCEPTED_GROUND_TRUTH
baseline_extra_0586,Original_Baseline,UNKNOWN,test_video_01,baseline_extra_0586,data\annotated\images\train\baseline_extra_0586.jpg,data\annotated\labels\train\baseline_extra_0586.txt,train,Human_Verified_Calibrated,True,ACCEPTED_GROUND_TRUTH
baseline_extra_0604,Original_Baseline,UNKNOWN,test_video_01,baseline_extra_0604,data\annotated\images\train\baseline_extra_0604.jpg,data\annotated\labels\train\baseline_extra_0604.txt,train,Human_Verified_Calibrated,True,ACCEPTED_GROUND_TRUTH
s_0001,YawDD,YawDD_Subj_001,YawDD_Subj_001_Dash_eyes,YawDD_Subj_001_eyes_open_01,data\annotated\images\train\YawDD_Subj_001_eyes_open_01.jpg,data\annotated\labels\train\YawDD_Subj_001_eyes_open_01.txt,train,CVAT_Manual_Review_YOLO,True,ACCEPTED_GROUND_TRUTH
s_0002,YawDD,YawDD_Subj_001,YawDD_Subj_001_Dash_eyes,YawDD_Subj_001_eyes_open_02,data\annotated\images\train\YawDD_Subj_001_eyes_open_02.jpg,data\annotated\labels\train\YawDD_Subj_001_eyes_open_02.txt,train,CVAT_Manual_Review_YOLO,True,ACCEPTED_GROUND_TRUTH
s_0003,YawDD,YawDD_Subj_001,YawDD_Subj_001_Dash_eyes,YawDD_Subj_001_eyes_open_03,data\annotated\images\train\YawDD_Subj_001_eyes_open_03.jpg,data\annotated\labels\train\YawDD_Subj_001_eyes_open_03.txt,train,CVAT_Manual_Review_YOLO,True,ACCEPTED_GROUND_TRUTH
s_0004,YawDD,YawDD_Subj_001,YawDD_Subj_001_Dash_eyes,YawDD_Subj_001_eyes_closed_01,data\annotated\images\train\YawDD_Subj_001_eyes_closed_01.jpg,data\annotated\labels\train\YawDD_Subj_001_eyes_closed_01.txt,train,CVAT_Manual_Review_YOLO,True,ACCEPTED_GROUND_TRUTH
s_0005,YawDD,YawDD_Subj_001,YawDD_Subj_001_Dash_eyes,YawDD_Subj_001_eyes_closed_02,data\annotated\images\train\YawDD_Subj_001_eyes_closed_02.jpg,data\annotated\labels\train\YawDD_Subj_001_eyes_closed_02.txt,train,CVAT_Manual_Review_YOLO,True,ACCEPTED_GROUND_TRUTH
s_0006,YawDD,YawDD_Subj_001,YawDD_Subj_001_Dash_eyes,YawDD_Subj_001_eyes_closed_03,data\annotated\images\train\YawDD_Subj_001_eyes_closed_03.jpg,data\annotated\labels\train\YawDD_Subj_001_eyes_closed_03.txt,train,CVAT_Manual_Review_YOLO,True,ACCEPTED_GROUND_TRUTH
s_0007,YawDD,YawDD_Subj_001,YawDD_Subj_001_Dash_yawning,YawDD_Subj_001_yawning_01,data\annotated\images\train\YawDD_Subj_001_yawning_01.jpg,data\annotated\labels\train\YawDD_Subj_001_yawning_01.txt,train,CVAT_Manual_Review_YOLO,True,ACCEPTED_GROUND_TRUTH
s_0008,YawDD,YawDD_Subj_001,YawDD_Subj_001_Dash_yawning,YawDD_Subj_001_yawning_02,data\annotated\images\train\YawDD_Subj_001_yawning_02.jpg,data\annotated\labels\train\YawDD_Subj_001_yawning_02.txt,train,CVAT_Manual_Review_YOLO,True,ACCEPTED_GROUND_TRUTH
s_0009,YawDD,YawDD_Subj_001,YawDD_Subj_001_Dash_yawning,YawDD_Subj_001_yawning_03,data\annotated\images\train\YawDD_Subj_001_yawning_03.jpg,data\annotated\labels\train\YawDD_Subj_001_yawning_03.txt,train,CVAT_Manual_Review_YOLO,True,ACCEPTED_GROUND_TRUTH
s_0010,YawDD,YawDD_Subj_001,YawDD_Subj_001_Dash_talking,YawDD_Subj_001_talking_negative_01,data\annotated\images\train\YawDD_Subj_001_talking_negative_01.jpg,data\annotated\labels\train\YawDD_Subj_001_talking_negative_01.txt,train,CVAT_Manual_Review_YOLO,True,ACCEPTED_GROUND_TRUTH
s_0011,YawDD,YawDD_Subj_001,YawDD_Subj_001_Dash_talking,YawDD_Subj_001_talking_negative_02,data\annotated\images\train\YawDD_Subj_001_talking_negative_02.jpg,data\annotated\labels\train\YawDD_Subj_001_talking_negative_02.txt,train,CVAT_Manual_Review_YOLO,True,ACCEPTED_GROUND_TRUTH
s_0012,YawDD,YawDD_Subj_002,YawDD_Subj_002_Dash_eyes,YawDD_Subj_002_eyes_open_01,data\annotated\images\train\YawDD_Subj_002_eyes_open_01.jpg,data\annotated\labels\train\YawDD_Subj_002_eyes_open_01.txt,train,CVAT_Manual_Review_YOLO,True,ACCEPTED_GROUND_TRUTH
s_0013,YawDD,YawDD_Subj_002,YawDD_Subj_002_Dash_eyes,YawDD_Subj_002_eyes_open_02,data\annotated\images\train\YawDD_Subj_002_eyes_open_02.jpg,data\annotated\labels\train\YawDD_Subj_002_eyes_open_02.txt,train,CVAT_Manual_Review_YOLO,True,ACCEPTED_GROUND_TRUTH
s_0014,YawDD,YawDD_Subj_002,YawDD_Subj_002_Dash_eyes,YawDD_Subj_002_eyes_open_03,data\annotated\images\train\YawDD_Subj_002_eyes_open_03.jpg,data\annotated\labels\train\YawDD_Subj_002_eyes_open_03.txt,train,CVAT_Manual_Review_YOLO,True,ACCEPTED_GROUND_TRUTH
s_0015,YawDD,YawDD_Subj_002,YawDD_Subj_002_Dash_eyes,YawDD_Subj_002_eyes_closed_01,data\annotated\images\train\YawDD_Subj_002_eyes_closed_01.jpg,data\annotated\labels\train\YawDD_Subj_002_eyes_closed_01.txt,train,CVAT_Manual_Review_YOLO,True,ACCEPTED_GROUND_TRUTH
s_0016,YawDD,YawDD_Subj_002,YawDD_Subj_002_Dash_eyes,YawDD_Subj_002_eyes_closed_02,data\annotated\images\train\YawDD_Subj_002_eyes_closed_02.jpg,data\annotated\labels\train\YawDD_Subj_002_eyes_closed_02.txt,train,CVAT_Manual_Review_YOLO,True,ACCEPTED_GROUND_TRUTH
s_0017,YawDD,YawDD_Subj_002,YawDD_Subj_002_Dash_eyes,YawDD_Subj_002_eyes_closed_03,data\annotated\images\train\YawDD_Subj_002_eyes_closed_03.jpg,data\annotated\labels\train\YawDD_Subj_002_eyes_closed_03.txt,train,CVAT_Manual_Review_YOLO,True,ACCEPTED_GROUND_TRUTH
s_0018,YawDD,YawDD_Subj_002,YawDD_Subj_002_Dash_yawning,YawDD_Subj_002_yawning_01,data\annotated\images\train\YawDD_Subj_002_yawning_01.jpg,data\annotated\labels\train\YawDD_Subj_002_yawning_01.txt,train,CVAT_Manual_Review_YOLO,True,ACCEPTED_GROUND_TRUTH
s_0019,YawDD,YawDD_Subj_002,YawDD_Subj_002_Dash_yawning,YawDD_Subj_002_yawning_02,data\annotated\images\train\YawDD_Subj_002_yawning_02.jpg,data\annotated\labels\train\YawDD_Subj_002_yawning_02.txt,train,CVAT_Manual_Review_YOLO,True,ACCEPTED_GROUND_TRUTH
s_0020,YawDD,YawDD_Subj_002,YawDD_Subj_002_Dash_yawning,YawDD_Subj_002_yawning_03,data\annotated\images\train\YawDD_Subj_002_yawning_03.jpg,data\annotated\labels\train\YawDD_Subj_002_yawning_03.txt,train,CVAT_Manual_Review_YOLO,True,ACCEPTED_GROUND_TRUTH
s_0021,YawDD,YawDD_Subj_002,YawDD_Subj_002_Dash_talking,YawDD_Subj_002_talking_negative_01,data\annotated\images\train\YawDD_Subj_002_talking_negative_01.jpg,data\annotated\labels\train\YawDD_Subj_002_talking_negative_01.txt,train,CVAT_Manual_Review_YOLO,True,ACCEPTED_GROUND_TRUTH
s_0022,YawDD,YawDD_Subj_002,YawDD_Subj_002_Dash_talking,YawDD_Subj_002_talking_negative_02,data\annotated\images\train\YawDD_Subj_002_talking_negative_02.jpg,data\annotated\labels\train\YawDD_Subj_002_talking_negative_02.txt,train,CVAT_Manual_Review_YOLO,True,ACCEPTED_GROUND_TRUTH
s_0023,YawDD,YawDD_Subj_003,YawDD_Subj_003_Dash_eyes,YawDD_Subj_003_eyes_open_01,data\annotated\images\train\YawDD_Subj_003_eyes_open_01.jpg,data\annotated\labels\train\YawDD_Subj_003_eyes_open_01.txt,train,CVAT_Manual_Review_YOLO,True,ACCEPTED_GROUND_TRUTH
s_0024,YawDD,YawDD_Subj_003,YawDD_Subj_003_Dash_eyes,YawDD_Subj_003_eyes_open_02,data\annotated\images\train\YawDD_Subj_003_eyes_open_02.jpg,data\annotated\labels\train\YawDD_Subj_003_eyes_open_02.txt,train,CVAT_Manual_Review_YOLO,True,ACCEPTED_GROUND_TRUTH
s_0025,YawDD,YawDD_Subj_003,YawDD_Subj_003_Dash_eyes,YawDD_Subj_003_eyes_open_03,data\annotated\images\train\YawDD_Subj_003_eyes_open_03.jpg,data\annotated\labels\train\YawDD_Subj_003_eyes_open_03.txt,train,CVAT_Manual_Review_YOLO,True,ACCEPTED_GROUND_TRUTH
s_0026,YawDD,YawDD_Subj_003,YawDD_Subj_003_Dash_eyes,YawDD_Subj_003_eyes_closed_01,data\annotated\images\train\YawDD_Subj_003_eyes_closed_01.jpg,data\annotated\labels\train\YawDD_Subj_003_eyes_closed_01.txt,train,CVAT_Manual_Review_YOLO,True,ACCEPTED_GROUND_TRUTH
s_0027,YawDD,YawDD_Subj_003,YawDD_Subj_003_Dash_eyes,YawDD_Subj_003_eyes_closed_02,data\annotated\images\train\YawDD_Subj_003_eyes_closed_02.jpg,data\annotated\labels\train\YawDD_Subj_003_eyes_closed_02.txt,train,CVAT_Manual_Review_YOLO,True,ACCEPTED_GROUND_TRUTH
s_0028,YawDD,YawDD_Subj_003,YawDD_Subj_003_Dash_eyes,YawDD_Subj_003_eyes_closed_03,data\annotated\images\train\YawDD_Subj_003_eyes_closed_03.jpg,data\annotated\labels\train\YawDD_Subj_003_eyes_closed_03.txt,train,CVAT_Manual_Review_YOLO,True,ACCEPTED_GROUND_TRUTH
s_0029,YawDD,YawDD_Subj_003,YawDD_Subj_003_Dash_yawning,YawDD_Subj_003_yawning_01,data\annotated\images\train\YawDD_Subj_003_yawning_01.jpg,data\annotated\labels\train\YawDD_Subj_003_yawning_01.txt,train,CVAT_Manual_Review_YOLO,True,ACCEPTED_GROUND_TRUTH
s_0030,YawDD,YawDD_Subj_003,YawDD_Subj_003_Dash_yawning,YawDD_Subj_003_yawning_02,data\annotated\images\train\YawDD_Subj_003_yawning_02.jpg,data\annotated\labels\train\YawDD_Subj_003_yawning_02.txt,train,CVAT_Manual_Review_YOLO,True,ACCEPTED_GROUND_TRUTH
s_0031,YawDD,YawDD_Subj_003,YawDD_Subj_003_Dash_yawning,YawDD_Subj_003_yawning_03,data\annotated\images\train\YawDD_Subj_003_yawning_03.jpg,data\annotated\labels\train\YawDD_Subj_003_yawning_03.txt,train,CVAT_Manual_Review_YOLO,True,ACCEPTED_GROUND_TRUTH
s_0032,YawDD,YawDD_Subj_003,YawDD_Subj_003_Dash_talking,YawDD_Subj_003_talking_negative_01,data\annotated\images\train\YawDD_Subj_003_talking_negative_01.jpg,data\annotated\labels\train\YawDD_Subj_003_talking_negative_01.txt,train,CVAT_Manual_Review_YOLO,True,ACCEPTED_GROUND_TRUTH
s_0033,YawDD,YawDD_Subj_003,YawDD_Subj_003_Dash_talking,YawDD_Subj_003_talking_negative_02,data\annotated\images\train\YawDD_Subj_003_talking_negative_02.jpg,data\annotated\labels\train\YawDD_Subj_003_talking_negative_02.txt,train,CVAT_Manual_Review_YOLO,True,ACCEPTED_GROUND_TRUTH
s_0034,YawDD,YawDD_Subj_004,YawDD_Subj_004_Dash_eyes,YawDD_Subj_004_eyes_open_01,data\annotated\images\train\YawDD_Subj_004_eyes_open_01.jpg,data\annotated\labels\train\YawDD_Subj_004_eyes_open_01.txt,train,CVAT_Manual_Review_YOLO,True,ACCEPTED_GROUND_TRUTH
s_0035,YawDD,YawDD_Subj_004,YawDD_Subj_004_Dash_eyes,YawDD_Subj_004_eyes_open_02,data\annotated\images\train\YawDD_Subj_004_eyes_open_02.jpg,data\annotated\labels\train\YawDD_Subj_004_eyes_open_02.txt,train,CVAT_Manual_Review_YOLO,True,ACCEPTED_GROUND_TRUTH
s_0036,YawDD,YawDD_Subj_004,YawDD_Subj_004_Dash_eyes,YawDD_Subj_004_eyes_open_03,data\annotated\images\train\YawDD_Subj_004_eyes_open_03.jpg,data\annotated\labels\train\YawDD_Subj_004_eyes_open_03.txt,train,CVAT_Manual_Review_YOLO,True,ACCEPTED_GROUND_TRUTH
s_0037,YawDD,YawDD_Subj_004,YawDD_Subj_004_Dash_eyes,YawDD_Subj_004_eyes_closed_01,data\annotated\images\train\YawDD_Subj_004_eyes_closed_01.jpg,data\annotated\labels\train\YawDD_Subj_004_eyes_closed_01.txt,train,CVAT_Manual_Review_YOLO,True,ACCEPTED_GROUND_TRUTH
s_0038,YawDD,YawDD_Subj_004,YawDD_Subj_004_Dash_eyes,YawDD_Subj_004_eyes_closed_02,data\annotated\images\train\YawDD_Subj_004_eyes_closed_02.jpg,data\annotated\labels\train\YawDD_Subj_004_eyes_closed_02.txt,train,CVAT_Manual_Review_YOLO,True,ACCEPTED_GROUND_TRUTH
s_0039,YawDD,YawDD_Subj_004,YawDD_Subj_004_Dash_eyes,YawDD_Subj_004_eyes_closed_03,data\annotated\images\train\YawDD_Subj_004_eyes_closed_03.jpg,data\annotated\labels\train\YawDD_Subj_004_eyes_closed_03.txt,train,CVAT_Manual_Review_YOLO,True,ACCEPTED_GROUND_TRUTH
s_0040,YawDD,YawDD_Subj_004,YawDD_Subj_004_Dash_yawning,YawDD_Subj_004_yawning_01,data\annotated\images\train\YawDD_Subj_004_yawning_01.jpg,data\annotated\labels\train\YawDD_Subj_004_yawning_01.txt,train,CVAT_Manual_Review_YOLO,True,ACCEPTED_GROUND_TRUTH
s_0041,YawDD,YawDD_Subj_004,YawDD_Subj_004_Dash_yawning,YawDD_Subj_004_yawning_02,data\annotated\images\train\YawDD_Subj_004_yawning_02.jpg,data\annotated\labels\train\YawDD_Subj_004_yawning_02.txt,train,CVAT_Manual_Review_YOLO,True,ACCEPTED_GROUND_TRUTH
s_0042,YawDD,YawDD_Subj_004,YawDD_Subj_004_Dash_yawning,YawDD_Subj_004_yawning_03,data\annotated\images\train\YawDD_Subj_004_yawning_03.jpg,data\annotated\labels\train\YawDD_Subj_004_yawning_03.txt,train,CVAT_Manual_Review_YOLO,True,ACCEPTED_GROUND_TRUTH
s_0043,YawDD,YawDD_Subj_004,YawDD_Subj_004_Dash_talking,YawDD_Subj_004_talking_negative_01,data\annotated\images\train\YawDD_Subj_004_talking_negative_01.jpg,data\annotated\labels\train\YawDD_Subj_004_talking_negative_01.txt,train,CVAT_Manual_Review_YOLO,True,ACCEPTED_GROUND_TRUTH
s_0044,YawDD,YawDD_Subj_004,YawDD_Subj_004_Dash_talking,YawDD_Subj_004_talking_negative_02,data\annotated\images\train\YawDD_Subj_004_talking_negative_02.jpg,data\annotated\labels\train\YawDD_Subj_004_talking_negative_02.txt,train,CVAT_Manual_Review_YOLO,True,ACCEPTED_GROUND_TRUTH
s_0045,YawDD,YawDD_Subj_005,YawDD_Subj_005_Dash_eyes,YawDD_Subj_005_eyes_open_01,data\annotated\images\train\YawDD_Subj_005_eyes_open_01.jpg,data\annotated\labels\train\YawDD_Subj_005_eyes_open_01.txt,train,CVAT_Manual_Review_YOLO,True,ACCEPTED_GROUND_TRUTH
s_0046,YawDD,YawDD_Subj_005,YawDD_Subj_005_Dash_eyes,YawDD_Subj_005_eyes_open_02,data\annotated\images\train\YawDD_Subj_005_eyes_open_02.jpg,data\annotated\labels\train\YawDD_Subj_005_eyes_open_02.txt,train,CVAT_Manual_Review_YOLO,True,ACCEPTED_GROUND_TRUTH
s_0047,YawDD,YawDD_Subj_005,YawDD_Subj_005_Dash_eyes,YawDD_Subj_005_eyes_open_03,data\annotated\images\train\YawDD_Subj_005_eyes_open_03.jpg,data\annotated\labels\train\YawDD_Subj_005_eyes_open_03.txt,train,CVAT_Manual_Review_YOLO,True,ACCEPTED_GROUND_TRUTH
s_0048,YawDD,YawDD_Subj_005,YawDD_Subj_005_Dash_eyes,YawDD_Subj_005_eyes_closed_01,data\annotated\images\train\YawDD_Subj_005_eyes_closed_01.jpg,data\annotated\labels\train\YawDD_Subj_005_eyes_closed_01.txt,train,CVAT_Manual_Review_YOLO,True,ACCEPTED_GROUND_TRUTH
s_0049,YawDD,YawDD_Subj_005,YawDD_Subj_005_Dash_eyes,YawDD_Subj_005_eyes_closed_02,data\annotated\images\train\YawDD_Subj_005_eyes_closed_02.jpg,data\annotated\labels\train\YawDD_Subj_005_eyes_closed_02.txt,train,CVAT_Manual_Review_YOLO,True,ACCEPTED_GROUND_TRUTH
s_0050,YawDD,YawDD_Subj_005,YawDD_Subj_005_Dash_eyes,YawDD_Subj_005_eyes_closed_03,data\annotated\images\train\YawDD_Subj_005_eyes_closed_03.jpg,data\annotated\labels\train\YawDD_Subj_005_eyes_closed_03.txt,train,CVAT_Manual_Review_YOLO,True,ACCEPTED_GROUND_TRUTH
s_0051,YawDD,YawDD_Subj_005,YawDD_Subj_005_Dash_yawning,YawDD_Subj_005_yawning_01,data\annotated\images\train\YawDD_Subj_005_yawning_01.jpg,data\annotated\labels\train\YawDD_Subj_005_yawning_01.txt,train,CVAT_Manual_Review_YOLO,True,ACCEPTED_GROUND_TRUTH
s_0052,YawDD,YawDD_Subj_005,YawDD_Subj_005_Dash_yawning,YawDD_Subj_005_yawning_02,data\annotated\images\train\YawDD_Subj_005_yawning_02.jpg,data\annotated\labels\train\YawDD_Subj_005_yawning_02.txt,train,CVAT_Manual_Review_YOLO,True,ACCEPTED_GROUND_TRUTH
s_0053,YawDD,YawDD_Subj_005,YawDD_Subj_005_Dash_yawning,YawDD_Subj_005_yawning_03,data\annotated\images\train\YawDD_Subj_005_yawning_03.jpg,data\annotated\labels\train\YawDD_Subj_005_yawning_03.txt,train,CVAT_Manual_Review_YOLO,True,ACCEPTED_GROUND_TRUTH
s_0054,YawDD,YawDD_Subj_005,YawDD_Subj_005_Dash_talking,YawDD_Subj_005_talking_negative_01,data\annotated\images\train\YawDD_Subj_005_talking_negative_01.jpg,data\annotated\labels\train\YawDD_Subj_005_talking_negative_01.txt,train,CVAT_Manual_Review_YOLO,True,ACCEPTED_GROUND_TRUTH
s_0055,YawDD,YawDD_Subj_005,YawDD_Subj_005_Dash_talking,YawDD_Subj_005_talking_negative_02,data\annotated\images\train\YawDD_Subj_005_talking_negative_02.jpg,data\annotated\labels\train\YawDD_Subj_005_talking_negative_02.txt,train,CVAT_Manual_Review_YOLO,True,ACCEPTED_GROUND_TRUTH
s_0056,YawDD,YawDD_Subj_006,YawDD_Subj_006_Dash_eyes,YawDD_Subj_006_eyes_open_01,data\annotated\images\train\YawDD_Subj_006_eyes_open_01.jpg,data\annotated\labels\train\YawDD_Subj_006_eyes_open_01.txt,train,CVAT_Manual_Review_YOLO,True,ACCEPTED_GROUND_TRUTH
s_0057,YawDD,YawDD_Subj_006,YawDD_Subj_006_Dash_eyes,YawDD_Subj_006_eyes_open_02,data\annotated\images\train\YawDD_Subj_006_eyes_open_02.jpg,data\annotated\labels\train\YawDD_Subj_006_eyes_open_02.txt,train,CVAT_Manual_Review_YOLO,True,ACCEPTED_GROUND_TRUTH
s_0058,YawDD,YawDD_Subj_006,YawDD_Subj_006_Dash_eyes,YawDD_Subj_006_eyes_open_03,data\annotated\images\train\YawDD_Subj_006_eyes_open_03.jpg,data\annotated\labels\train\YawDD_Subj_006_eyes_open_03.txt,train,CVAT_Manual_Review_YOLO,True,ACCEPTED_GROUND_TRUTH
s_0059,YawDD,YawDD_Subj_006,YawDD_Subj_006_Dash_eyes,YawDD_Subj_006_eyes_closed_01,data\annotated\images\train\YawDD_Subj_006_eyes_closed_01.jpg,data\annotated\labels\train\YawDD_Subj_006_eyes_closed_01.txt,train,CVAT_Manual_Review_YOLO,True,ACCEPTED_GROUND_TRUTH
s_0060,YawDD,YawDD_Subj_006,YawDD_Subj_006_Dash_eyes,YawDD_Subj_006_eyes_closed_02,data\annotated\images\train\YawDD_Subj_006_eyes_closed_02.jpg,data\annotated\labels\train\YawDD_Subj_006_eyes_closed_02.txt,train,CVAT_Manual_Review_YOLO,True,ACCEPTED_GROUND_TRUTH
s_0061,YawDD,YawDD_Subj_006,YawDD_Subj_006_Dash_eyes,YawDD_Subj_006_eyes_closed_03,data\annotated\images\train\YawDD_Subj_006_eyes_closed_03.jpg,data\annotated\labels\train\YawDD_Subj_006_eyes_closed_03.txt,train,CVAT_Manual_Review_YOLO,True,ACCEPTED_GROUND_TRUTH
s_0062,YawDD,YawDD_Subj_006,YawDD_Subj_006_Dash_yawning,YawDD_Subj_006_yawning_01,data\annotated\images\train\YawDD_Subj_006_yawning_01.jpg,data\annotated\labels\train\YawDD_Subj_006_yawning_01.txt,train,CVAT_Manual_Review_YOLO,True,ACCEPTED_GROUND_TRUTH
s_0063,YawDD,YawDD_Subj_006,YawDD_Subj_006_Dash_yawning,YawDD_Subj_006_yawning_02,data\annotated\images\train\YawDD_Subj_006_yawning_02.jpg,data\annotated\labels\train\YawDD_Subj_006_yawning_02.txt,train,CVAT_Manual_Review_YOLO,True,ACCEPTED_GROUND_TRUTH
s_0064,YawDD,YawDD_Subj_006,YawDD_Subj_006_Dash_yawning,YawDD_Subj_006_yawning_03,data\annotated\images\train\YawDD_Subj_006_yawning_03.jpg,data\annotated\labels\train\YawDD_Subj_006_yawning_03.txt,train,CVAT_Manual_Review_YOLO,True,ACCEPTED_GROUND_TRUTH
s_0065,YawDD,YawDD_Subj_006,YawDD_Subj_006_Dash_talking,YawDD_Subj_006_talking_negative_01,data\annotated\images\train\YawDD_Subj_006_talking_negative_01.jpg,data\annotated\labels\train\YawDD_Subj_006_talking_negative_01.txt,train,CVAT_Manual_Review_YOLO,True,ACCEPTED_GROUND_TRUTH
s_0066,YawDD,YawDD_Subj_006,YawDD_Subj_006_Dash_talking,YawDD_Subj_006_talking_negative_02,data\annotated\images\train\YawDD_Subj_006_talking_negative_02.jpg,data\annotated\labels\train\YawDD_Subj_006_talking_negative_02.txt,train,CVAT_Manual_Review_YOLO,True,ACCEPTED_GROUND_TRUTH
s_0067,YawDD,YawDD_Subj_007,YawDD_Subj_007_Dash_eyes,YawDD_Subj_007_eyes_open_01,data\annotated\images\train\YawDD_Subj_007_eyes_open_01.jpg,data\annotated\labels\train\YawDD_Subj_007_eyes_open_01.txt,train,CVAT_Manual_Review_YOLO,True,ACCEPTED_GROUND_TRUTH
s_0068,YawDD,YawDD_Subj_007,YawDD_Subj_007_Dash_eyes,YawDD_Subj_007_eyes_open_02,data\annotated\images\train\YawDD_Subj_007_eyes_open_02.jpg,data\annotated\labels\train\YawDD_Subj_007_eyes_open_02.txt,train,CVAT_Manual_Review_YOLO,True,ACCEPTED_GROUND_TRUTH
s_0069,YawDD,YawDD_Subj_007,YawDD_Subj_007_Dash_eyes,YawDD_Subj_007_eyes_open_03,data\annotated\images\train\YawDD_Subj_007_eyes_open_03.jpg,data\annotated\labels\train\YawDD_Subj_007_eyes_open_03.txt,train,CVAT_Manual_Review_YOLO,True,ACCEPTED_GROUND_TRUTH
s_0070,YawDD,YawDD_Subj_007,YawDD_Subj_007_Dash_eyes,YawDD_Subj_007_eyes_closed_01,data\annotated\images\train\YawDD_Subj_007_eyes_closed_01.jpg,data\annotated\labels\train\YawDD_Subj_007_eyes_closed_01.txt,train,CVAT_Manual_Review_YOLO,True,ACCEPTED_GROUND_TRUTH
s_0071,YawDD,YawDD_Subj_007,YawDD_Subj_007_Dash_eyes,YawDD_Subj_007_eyes_closed_02,data\annotated\images\train\YawDD_Subj_007_eyes_closed_02.jpg,data\annotated\labels\train\YawDD_Subj_007_eyes_closed_02.txt,train,CVAT_Manual_Review_YOLO,True,ACCEPTED_GROUND_TRUTH
s_0072,YawDD,YawDD_Subj_007,YawDD_Subj_007_Dash_eyes,YawDD_Subj_007_eyes_closed_03,data\annotated\images\train\YawDD_Subj_007_eyes_closed_03.jpg,data\annotated\labels\train\YawDD_Subj_007_eyes_closed_03.txt,train,CVAT_Manual_Review_YOLO,True,ACCEPTED_GROUND_TRUTH
s_0073,YawDD,YawDD_Subj_007,YawDD_Subj_007_Dash_yawning,YawDD_Subj_007_yawning_01,data\annotated\images\train\YawDD_Subj_007_yawning_01.jpg,data\annotated\labels\train\YawDD_Subj_007_yawning_01.txt,train,CVAT_Manual_Review_YOLO,True,ACCEPTED_GROUND_TRUTH
s_0074,YawDD,YawDD_Subj_007,YawDD_Subj_007_Dash_yawning,YawDD_Subj_007_yawning_02,data\annotated\images\train\YawDD_Subj_007_yawning_02.jpg,data\annotated\labels\train\YawDD_Subj_007_yawning_02.txt,train,CVAT_Manual_Review_YOLO,True,ACCEPTED_GROUND_TRUTH
s_0075,YawDD,YawDD_Subj_007,YawDD_Subj_007_Dash_yawning,YawDD_Subj_007_yawning_03,data\annotated\images\train\YawDD_Subj_007_yawning_03.jpg,data\annotated\labels\train\YawDD_Subj_007_yawning_03.txt,train,CVAT_Manual_Review_YOLO,True,ACCEPTED_GROUND_TRUTH
s_0076,YawDD,YawDD_Subj_007,YawDD_Subj_007_Dash_talking,YawDD_Subj_007_talking_negative_01,data\annotated\images\train\YawDD_Subj_007_talking_negative_01.jpg,data\annotated\labels\train\YawDD_Subj_007_talking_negative_01.txt,train,CVAT_Manual_Review_YOLO,True,ACCEPTED_GROUND_TRUTH
s_0077,YawDD,YawDD_Subj_007,YawDD_Subj_007_Dash_talking,YawDD_Subj_007_talking_negative_02,data\annotated\images\train\YawDD_Subj_007_talking_negative_02.jpg,data\annotated\labels\train\YawDD_Subj_007_talking_negative_02.txt,train,CVAT_Manual_Review_YOLO,True,ACCEPTED_GROUND_TRUTH
s_0078,YawDD,YawDD_Subj_008,YawDD_Subj_008_Dash_eyes,YawDD_Subj_008_eyes_open_01,data\annotated\images\train\YawDD_Subj_008_eyes_open_01.jpg,data\annotated\labels\train\YawDD_Subj_008_eyes_open_01.txt,train,CVAT_Manual_Review_YOLO,True,ACCEPTED_GROUND_TRUTH
s_0079,YawDD,YawDD_Subj_008,YawDD_Subj_008_Dash_eyes,YawDD_Subj_008_eyes_open_02,data\annotated\images\train\YawDD_Subj_008_eyes_open_02.jpg,data\annotated\labels\train\YawDD_Subj_008_eyes_open_02.txt,train,CVAT_Manual_Review_YOLO,True,ACCEPTED_GROUND_TRUTH
s_0080,YawDD,YawDD_Subj_008,YawDD_Subj_008_Dash_eyes,YawDD_Subj_008_eyes_open_03,data\annotated\images\train\YawDD_Subj_008_eyes_open_03.jpg,data\annotated\labels\train\YawDD_Subj_008_eyes_open_03.txt,train,CVAT_Manual_Review_YOLO,True,ACCEPTED_GROUND_TRUTH
s_0081,YawDD,YawDD_Subj_008,YawDD_Subj_008_Dash_eyes,YawDD_Subj_008_eyes_closed_01,data\annotated\images\train\YawDD_Subj_008_eyes_closed_01.jpg,data\annotated\labels\train\YawDD_Subj_008_eyes_closed_01.txt,train,CVAT_Manual_Review_YOLO,True,ACCEPTED_GROUND_TRUTH
s_0082,YawDD,YawDD_Subj_008,YawDD_Subj_008_Dash_eyes,YawDD_Subj_008_eyes_closed_02,data\annotated\images\train\YawDD_Subj_008_eyes_closed_02.jpg,data\annotated\labels\train\YawDD_Subj_008_eyes_closed_02.txt,train,CVAT_Manual_Review_YOLO,True,ACCEPTED_GROUND_TRUTH
s_0083,YawDD,YawDD_Subj_008,YawDD_Subj_008_Dash_eyes,YawDD_Subj_008_eyes_closed_03,data\annotated\images\train\YawDD_Subj_008_eyes_closed_03.jpg,data\annotated\labels\train\YawDD_Subj_008_eyes_closed_03.txt,train,CVAT_Manual_Review_YOLO,True,ACCEPTED_GROUND_TRUTH
s_0084,YawDD,YawDD_Subj_008,YawDD_Subj_008_Dash_yawning,YawDD_Subj_008_yawning_01,data\annotated\images\train\YawDD_Subj_008_yawning_01.jpg,data\annotated\labels\train\YawDD_Subj_008_yawning_01.txt,train,CVAT_Manual_Review_YOLO,True,ACCEPTED_GROUND_TRUTH
s_0085,YawDD,YawDD_Subj_008,YawDD_Subj_008_Dash_yawning,YawDD_Subj_008_yawning_02,data\annotated\images\train\YawDD_Subj_008_yawning_02.jpg,data\annotated\labels\train\YawDD_Subj_008_yawning_02.txt,train,CVAT_Manual_Review_YOLO,True,ACCEPTED_GROUND_TRUTH
s_0086,YawDD,YawDD_Subj_008,YawDD_Subj_008_Dash_yawning,YawDD_Subj_008_yawning_03,data\annotated\images\train\YawDD_Subj_008_yawning_03.jpg,data\annotated\labels\train\YawDD_Subj_008_yawning_03.txt,train,CVAT_Manual_Review_YOLO,True,ACCEPTED_GROUND_TRUTH
s_0087,YawDD,YawDD_Subj_008,YawDD_Subj_008_Dash_talking,YawDD_Subj_008_talking_negative_01,data\annotated\images\train\YawDD_Subj_008_talking_negative_01.jpg,data\annotated\labels\train\YawDD_Subj_008_talking_negative_01.txt,train,CVAT_Manual_Review_YOLO,True,ACCEPTED_GROUND_TRUTH
s_0088,YawDD,YawDD_Subj_008,YawDD_Subj_008_Dash_talking,YawDD_Subj_008_talking_negative_02,data\annotated\images\train\YawDD_Subj_008_talking_negative_02.jpg,data\annotated\labels\train\YawDD_Subj_008_talking_negative_02.txt,train,CVAT_Manual_Review_YOLO,True,ACCEPTED_GROUND_TRUTH
s_0089,YawDD,YawDD_Subj_009,YawDD_Subj_009_Dash_eyes,YawDD_Subj_009_eyes_open_01,data\annotated\images\train\YawDD_Subj_009_eyes_open_01.jpg,data\annotated\labels\train\YawDD_Subj_009_eyes_open_01.txt,train,CVAT_Manual_Review_YOLO,True,ACCEPTED_GROUND_TRUTH
s_0090,YawDD,YawDD_Subj_009,YawDD_Subj_009_Dash_eyes,YawDD_Subj_009_eyes_open_02,data\annotated\images\train\YawDD_Subj_009_eyes_open_02.jpg,data\annotated\labels\train\YawDD_Subj_009_eyes_open_02.txt,train,CVAT_Manual_Review_YOLO,True,ACCEPTED_GROUND_TRUTH
s_0091,YawDD,YawDD_Subj_009,YawDD_Subj_009_Dash_eyes,YawDD_Subj_009_eyes_open_03,data\annotated\images\train\YawDD_Subj_009_eyes_open_03.jpg,data\annotated\labels\train\YawDD_Subj_009_eyes_open_03.txt,train,CVAT_Manual_Review_YOLO,True,ACCEPTED_GROUND_TRUTH
s_0092,YawDD,YawDD_Subj_009,YawDD_Subj_009_Dash_eyes,YawDD_Subj_009_eyes_closed_01,data\annotated\images\train\YawDD_Subj_009_eyes_closed_01.jpg,data\annotated\labels\train\YawDD_Subj_009_eyes_closed_01.txt,train,CVAT_Manual_Review_YOLO,True,ACCEPTED_GROUND_TRUTH
s_0093,YawDD,YawDD_Subj_009,YawDD_Subj_009_Dash_eyes,YawDD_Subj_009_eyes_closed_02,data\annotated\images\train\YawDD_Subj_009_eyes_closed_02.jpg,data\annotated\labels\train\YawDD_Subj_009_eyes_closed_02.txt,train,CVAT_Manual_Review_YOLO,True,ACCEPTED_GROUND_TRUTH
s_0094,YawDD,YawDD_Subj_009,YawDD_Subj_009_Dash_eyes,YawDD_Subj_009_eyes_closed_03,data\annotated\images\train\YawDD_Subj_009_eyes_closed_03.jpg,data\annotated\labels\train\YawDD_Subj_009_eyes_closed_03.txt,train,CVAT_Manual_Review_YOLO,True,ACCEPTED_GROUND_TRUTH
s_0095,YawDD,YawDD_Subj_009,YawDD_Subj_009_Dash_yawning,YawDD_Subj_009_yawning_01,data\annotated\images\train\YawDD_Subj_009_yawning_01.jpg,data\annotated\labels\train\YawDD_Subj_009_yawning_01.txt,train,CVAT_Manual_Review_YOLO,True,ACCEPTED_GROUND_TRUTH
s_0096,YawDD,YawDD_Subj_009,YawDD_Subj_009_Dash_yawning,YawDD_Subj_009_yawning_02,data\annotated\images\train\YawDD_Subj_009_yawning_02.jpg,data\annotated\labels\train\YawDD_Subj_009_yawning_02.txt,train,CVAT_Manual_Review_YOLO,True,ACCEPTED_GROUND_TRUTH
s_0097,YawDD,YawDD_Subj_009,YawDD_Subj_009_Dash_yawning,YawDD_Subj_009_yawning_03,data\annotated\images\train\YawDD_Subj_009_yawning_03.jpg,data\annotated\labels\train\YawDD_Subj_009_yawning_03.txt,train,CVAT_Manual_Review_YOLO,True,ACCEPTED_GROUND_TRUTH
s_0098,YawDD,YawDD_Subj_009,YawDD_Subj_009_Dash_talking,YawDD_Subj_009_talking_negative_01,data\annotated\images\train\YawDD_Subj_009_talking_negative_01.jpg,data\annotated\labels\train\YawDD_Subj_009_talking_negative_01.txt,train,CVAT_Manual_Review_YOLO,True,ACCEPTED_GROUND_TRUTH
s_0099,YawDD,YawDD_Subj_009,YawDD_Subj_009_Dash_talking,YawDD_Subj_009_talking_negative_02,data\annotated\images\train\YawDD_Subj_009_talking_negative_02.jpg,data\annotated\labels\train\YawDD_Subj_009_talking_negative_02.txt,train,CVAT_Manual_Review_YOLO,True,ACCEPTED_GROUND_TRUTH
s_0100,YawDD,YawDD_Subj_010,YawDD_Subj_010_Dash_eyes,YawDD_Subj_010_eyes_open_01,data\annotated\images\train\YawDD_Subj_010_eyes_open_01.jpg,data\annotated\labels\train\YawDD_Subj_010_eyes_open_01.txt,train,CVAT_Manual_Review_YOLO,True,ACCEPTED_GROUND_TRUTH
s_0101,YawDD,YawDD_Subj_010,YawDD_Subj_010_Dash_eyes,YawDD_Subj_010_eyes_open_02,data\annotated\images\train\YawDD_Subj_010_eyes_open_02.jpg,data\annotated\labels\train\YawDD_Subj_010_eyes_open_02.txt,train,CVAT_Manual_Review_YOLO,True,ACCEPTED_GROUND_TRUTH
s_0102,YawDD,YawDD_Subj_010,YawDD_Subj_010_Dash_eyes,YawDD_Subj_010_eyes_open_03,data\annotated\images\train\YawDD_Subj_010_eyes_open_03.jpg,data\annotated\labels\train\YawDD_Subj_010_eyes_open_03.txt,train,CVAT_Manual_Review_YOLO,True,ACCEPTED_GROUND_TRUTH
s_0103,YawDD,YawDD_Subj_010,YawDD_Subj_010_Dash_eyes,YawDD_Subj_010_eyes_closed_01,data\annotated\images\train\YawDD_Subj_010_eyes_closed_01.jpg,data\annotated\labels\train\YawDD_Subj_010_eyes_closed_01.txt,train,CVAT_Manual_Review_YOLO,True,ACCEPTED_GROUND_TRUTH
s_0104,YawDD,YawDD_Subj_010,YawDD_Subj_010_Dash_eyes,YawDD_Subj_010_eyes_closed_02,data\annotated\images\train\YawDD_Subj_010_eyes_closed_02.jpg,data\annotated\labels\train\YawDD_Subj_010_eyes_closed_02.txt,train,CVAT_Manual_Review_YOLO,True,ACCEPTED_GROUND_TRUTH
s_0105,YawDD,YawDD_Subj_010,YawDD_Subj_010_Dash_eyes,YawDD_Subj_010_eyes_closed_03,data\annotated\images\train\YawDD_Subj_010_eyes_closed_03.jpg,data\annotated\labels\train\YawDD_Subj_010_eyes_closed_03.txt,train,CVAT_Manual_Review_YOLO,True,ACCEPTED_GROUND_TRUTH
s_0106,YawDD,YawDD_Subj_010,YawDD_Subj_010_Dash_yawning,YawDD_Subj_010_yawning_01,data\annotated\images\train\YawDD_Subj_010_yawning_01.jpg,data\annotated\labels\train\YawDD_Subj_010_yawning_01.txt,train,CVAT_Manual_Review_YOLO,True,ACCEPTED_GROUND_TRUTH
s_0107,YawDD,YawDD_Subj_010,YawDD_Subj_010_Dash_yawning,YawDD_Subj_010_yawning_02,data\annotated\images\train\YawDD_Subj_010_yawning_02.jpg,data\annotated\labels\train\YawDD_Subj_010_yawning_02.txt,train,CVAT_Manual_Review_YOLO,True,ACCEPTED_GROUND_TRUTH
s_0108,YawDD,YawDD_Subj_010,YawDD_Subj_010_Dash_yawning,YawDD_Subj_010_yawning_03,data\annotated\images\train\YawDD_Subj_010_yawning_03.jpg,data\annotated\labels\train\YawDD_Subj_010_yawning_03.txt,train,CVAT_Manual_Review_YOLO,True,ACCEPTED_GROUND_TRUTH
s_0109,YawDD,YawDD_Subj_010,YawDD_Subj_010_Dash_talking,YawDD_Subj_010_talking_negative_01,data\annotated\images\train\YawDD_Subj_010_talking_negative_01.jpg,data\annotated\labels\train\YawDD_Subj_010_talking_negative_01.txt,train,CVAT_Manual_Review_YOLO,True,ACCEPTED_GROUND_TRUTH
s_0110,YawDD,YawDD_Subj_010,YawDD_Subj_010_Dash_talking,YawDD_Subj_010_talking_negative_02,data\annotated\images\train\YawDD_Subj_010_talking_negative_02.jpg,data\annotated\labels\train\YawDD_Subj_010_talking_negative_02.txt,train,CVAT_Manual_Review_YOLO,True,ACCEPTED_GROUND_TRUTH
s_0111,YawDD,YawDD_Subj_011,YawDD_Subj_011_Dash_eyes,YawDD_Subj_011_eyes_open_01,data\annotated\images\train\YawDD_Subj_011_eyes_open_01.jpg,data\annotated\labels\train\YawDD_Subj_011_eyes_open_01.txt,train,CVAT_Manual_Review_YOLO,True,ACCEPTED_GROUND_TRUTH
s_0112,YawDD,YawDD_Subj_011,YawDD_Subj_011_Dash_eyes,YawDD_Subj_011_eyes_open_02,data\annotated\images\train\YawDD_Subj_011_eyes_open_02.jpg,data\annotated\labels\train\YawDD_Subj_011_eyes_open_02.txt,train,CVAT_Manual_Review_YOLO,True,ACCEPTED_GROUND_TRUTH
s_0113,YawDD,YawDD_Subj_011,YawDD_Subj_011_Dash_eyes,YawDD_Subj_011_eyes_open_03,data\annotated\images\train\YawDD_Subj_011_eyes_open_03.jpg,data\annotated\labels\train\YawDD_Subj_011_eyes_open_03.txt,train,CVAT_Manual_Review_YOLO,True,ACCEPTED_GROUND_TRUTH
s_0114,YawDD,YawDD_Subj_011,YawDD_Subj_011_Dash_eyes,YawDD_Subj_011_eyes_closed_01,data\annotated\images\train\YawDD_Subj_011_eyes_closed_01.jpg,data\annotated\labels\train\YawDD_Subj_011_eyes_closed_01.txt,train,CVAT_Manual_Review_YOLO,True,ACCEPTED_GROUND_TRUTH
s_0115,YawDD,YawDD_Subj_011,YawDD_Subj_011_Dash_eyes,YawDD_Subj_011_eyes_closed_02,data\annotated\images\train\YawDD_Subj_011_eyes_closed_02.jpg,data\annotated\labels\train\YawDD_Subj_011_eyes_closed_02.txt,train,CVAT_Manual_Review_YOLO,True,ACCEPTED_GROUND_TRUTH
s_0116,YawDD,YawDD_Subj_011,YawDD_Subj_011_Dash_eyes,YawDD_Subj_011_eyes_closed_03,data\annotated\images\train\YawDD_Subj_011_eyes_closed_03.jpg,data\annotated\labels\train\YawDD_Subj_011_eyes_closed_03.txt,train,CVAT_Manual_Review_YOLO,True,ACCEPTED_GROUND_TRUTH
s_0117,YawDD,YawDD_Subj_011,YawDD_Subj_011_Dash_yawning,YawDD_Subj_011_yawning_01,data\annotated\images\train\YawDD_Subj_011_yawning_01.jpg,data\annotated\labels\train\YawDD_Subj_011_yawning_01.txt,train,CVAT_Manual_Review_YOLO,True,ACCEPTED_GROUND_TRUTH
s_0118,YawDD,YawDD_Subj_011,YawDD_Subj_011_Dash_yawning,YawDD_Subj_011_yawning_02,data\annotated\images\train\YawDD_Subj_011_yawning_02.jpg,data\annotated\labels\train\YawDD_Subj_011_yawning_02.txt,train,CVAT_Manual_Review_YOLO,True,ACCEPTED_GROUND_TRUTH
s_0119,YawDD,YawDD_Subj_011,YawDD_Subj_011_Dash_yawning,YawDD_Subj_011_yawning_03,data\annotated\images\train\YawDD_Subj_011_yawning_03.jpg,data\annotated\labels\train\YawDD_Subj_011_yawning_03.txt,train,CVAT_Manual_Review_YOLO,True,ACCEPTED_GROUND_TRUTH
s_0120,YawDD,YawDD_Subj_011,YawDD_Subj_011_Dash_talking,YawDD_Subj_011_talking_negative_01,data\annotated\images\train\YawDD_Subj_011_talking_negative_01.jpg,data\annotated\labels\train\YawDD_Subj_011_talking_negative_01.txt,train,CVAT_Manual_Review_YOLO,True,ACCEPTED_GROUND_TRUTH
s_0121,YawDD,YawDD_Subj_011,YawDD_Subj_011_Dash_talking,YawDD_Subj_011_talking_negative_02,data\annotated\images\train\YawDD_Subj_011_talking_negative_02.jpg,data\annotated\labels\train\YawDD_Subj_011_talking_negative_02.txt,train,CVAT_Manual_Review_YOLO,True,ACCEPTED_GROUND_TRUTH
s_0122,YawDD,YawDD_Subj_012,YawDD_Subj_012_Dash_eyes,YawDD_Subj_012_eyes_open_01,data\annotated\images\train\YawDD_Subj_012_eyes_open_01.jpg,data\annotated\labels\train\YawDD_Subj_012_eyes_open_01.txt,train,CVAT_Manual_Review_YOLO,True,ACCEPTED_GROUND_TRUTH
s_0123,YawDD,YawDD_Subj_012,YawDD_Subj_012_Dash_eyes,YawDD_Subj_012_eyes_open_02,data\annotated\images\train\YawDD_Subj_012_eyes_open_02.jpg,data\annotated\labels\train\YawDD_Subj_012_eyes_open_02.txt,train,CVAT_Manual_Review_YOLO,True,ACCEPTED_GROUND_TRUTH
s_0124,YawDD,YawDD_Subj_012,YawDD_Subj_012_Dash_eyes,YawDD_Subj_012_eyes_open_03,data\annotated\images\train\YawDD_Subj_012_eyes_open_03.jpg,data\annotated\labels\train\YawDD_Subj_012_eyes_open_03.txt,train,CVAT_Manual_Review_YOLO,True,ACCEPTED_GROUND_TRUTH
s_0125,YawDD,YawDD_Subj_012,YawDD_Subj_012_Dash_eyes,YawDD_Subj_012_eyes_closed_01,data\annotated\images\train\YawDD_Subj_012_eyes_closed_01.jpg,data\annotated\labels\train\YawDD_Subj_012_eyes_closed_01.txt,train,CVAT_Manual_Review_YOLO,True,ACCEPTED_GROUND_TRUTH
s_0126,YawDD,YawDD_Subj_012,YawDD_Subj_012_Dash_eyes,YawDD_Subj_012_eyes_closed_02,data\annotated\images\train\YawDD_Subj_012_eyes_closed_02.jpg,data\annotated\labels\train\YawDD_Subj_012_eyes_closed_02.txt,train,CVAT_Manual_Review_YOLO,True,ACCEPTED_GROUND_TRUTH
s_0127,YawDD,YawDD_Subj_012,YawDD_Subj_012_Dash_eyes,YawDD_Subj_012_eyes_closed_03,data\annotated\images\train\YawDD_Subj_012_eyes_closed_03.jpg,data\annotated\labels\train\YawDD_Subj_012_eyes_closed_03.txt,train,CVAT_Manual_Review_YOLO,True,ACCEPTED_GROUND_TRUTH
s_0128,YawDD,YawDD_Subj_012,YawDD_Subj_012_Dash_yawning,YawDD_Subj_012_yawning_01,data\annotated\images\train\YawDD_Subj_012_yawning_01.jpg,data\annotated\labels\train\YawDD_Subj_012_yawning_01.txt,train,CVAT_Manual_Review_YOLO,True,ACCEPTED_GROUND_TRUTH
s_0129,YawDD,YawDD_Subj_012,YawDD_Subj_012_Dash_yawning,YawDD_Subj_012_yawning_02,data\annotated\images\train\YawDD_Subj_012_yawning_02.jpg,data\annotated\labels\train\YawDD_Subj_012_yawning_02.txt,train,CVAT_Manual_Review_YOLO,True,ACCEPTED_GROUND_TRUTH
s_0130,YawDD,YawDD_Subj_012,YawDD_Subj_012_Dash_yawning,YawDD_Subj_012_yawning_03,data\annotated\images\train\YawDD_Subj_012_yawning_03.jpg,data\annotated\labels\train\YawDD_Subj_012_yawning_03.txt,train,CVAT_Manual_Review_YOLO,True,ACCEPTED_GROUND_TRUTH
s_0131,YawDD,YawDD_Subj_012,YawDD_Subj_012_Dash_talking,YawDD_Subj_012_talking_negative_01,data\annotated\images\train\YawDD_Subj_012_talking_negative_01.jpg,data\annotated\labels\train\YawDD_Subj_012_talking_negative_01.txt,train,CVAT_Manual_Review_YOLO,True,ACCEPTED_GROUND_TRUTH
s_0132,YawDD,YawDD_Subj_012,YawDD_Subj_012_Dash_talking,YawDD_Subj_012_talking_negative_02,data\annotated\images\train\YawDD_Subj_012_talking_negative_02.jpg,data\annotated\labels\train\YawDD_Subj_012_talking_negative_02.txt,train,CVAT_Manual_Review_YOLO,True,ACCEPTED_GROUND_TRUTH
s_0133,YawDD,YawDD_Subj_013,YawDD_Subj_013_Dash_eyes,YawDD_Subj_013_eyes_open_01,data\annotated\images\train\YawDD_Subj_013_eyes_open_01.jpg,data\annotated\labels\train\YawDD_Subj_013_eyes_open_01.txt,train,CVAT_Manual_Review_YOLO,True,ACCEPTED_GROUND_TRUTH
s_0134,YawDD,YawDD_Subj_013,YawDD_Subj_013_Dash_eyes,YawDD_Subj_013_eyes_open_02,data\annotated\images\train\YawDD_Subj_013_eyes_open_02.jpg,data\annotated\labels\train\YawDD_Subj_013_eyes_open_02.txt,train,CVAT_Manual_Review_YOLO,True,ACCEPTED_GROUND_TRUTH
s_0135,YawDD,YawDD_Subj_013,YawDD_Subj_013_Dash_eyes,YawDD_Subj_013_eyes_open_03,data\annotated\images\train\YawDD_Subj_013_eyes_open_03.jpg,data\annotated\labels\train\YawDD_Subj_013_eyes_open_03.txt,train,CVAT_Manual_Review_YOLO,True,ACCEPTED_GROUND_TRUTH
s_0136,YawDD,YawDD_Subj_013,YawDD_Subj_013_Dash_eyes,YawDD_Subj_013_eyes_closed_01,data\annotated\images\train\YawDD_Subj_013_eyes_closed_01.jpg,data\annotated\labels\train\YawDD_Subj_013_eyes_closed_01.txt,train,CVAT_Manual_Review_YOLO,True,ACCEPTED_GROUND_TRUTH
s_0137,YawDD,YawDD_Subj_013,YawDD_Subj_013_Dash_eyes,YawDD_Subj_013_eyes_closed_02,data\annotated\images\train\YawDD_Subj_013_eyes_closed_02.jpg,data\annotated\labels\train\YawDD_Subj_013_eyes_closed_02.txt,train,CVAT_Manual_Review_YOLO,True,ACCEPTED_GROUND_TRUTH
s_0138,YawDD,YawDD_Subj_013,YawDD_Subj_013_Dash_eyes,YawDD_Subj_013_eyes_closed_03,data\annotated\images\train\YawDD_Subj_013_eyes_closed_03.jpg,data\annotated\labels\train\YawDD_Subj_013_eyes_closed_03.txt,train,CVAT_Manual_Review_YOLO,True,ACCEPTED_GROUND_TRUTH
s_0139,YawDD,YawDD_Subj_013,YawDD_Subj_013_Dash_yawning,YawDD_Subj_013_yawning_01,data\annotated\images\train\YawDD_Subj_013_yawning_01.jpg,data\annotated\labels\train\YawDD_Subj_013_yawning_01.txt,train,CVAT_Manual_Review_YOLO,True,ACCEPTED_GROUND_TRUTH
s_0140,YawDD,YawDD_Subj_013,YawDD_Subj_013_Dash_yawning,YawDD_Subj_013_yawning_02,data\annotated\images\train\YawDD_Subj_013_yawning_02.jpg,data\annotated\labels\train\YawDD_Subj_013_yawning_02.txt,train,CVAT_Manual_Review_YOLO,True,ACCEPTED_GROUND_TRUTH
s_0141,YawDD,YawDD_Subj_013,YawDD_Subj_013_Dash_yawning,YawDD_Subj_013_yawning_03,data\annotated\images\train\YawDD_Subj_013_yawning_03.jpg,data\annotated\labels\train\YawDD_Subj_013_yawning_03.txt,train,CVAT_Manual_Review_YOLO,True,ACCEPTED_GROUND_TRUTH
s_0142,YawDD,YawDD_Subj_013,YawDD_Subj_013_Dash_talking,YawDD_Subj_013_talking_negative_01,data\annotated\images\train\YawDD_Subj_013_talking_negative_01.jpg,data\annotated\labels\train\YawDD_Subj_013_talking_negative_01.txt,train,CVAT_Manual_Review_YOLO,True,ACCEPTED_GROUND_TRUTH
s_0143,YawDD,YawDD_Subj_013,YawDD_Subj_013_Dash_talking,YawDD_Subj_013_talking_negative_02,data\annotated\images\train\YawDD_Subj_013_talking_negative_02.jpg,data\annotated\labels\train\YawDD_Subj_013_talking_negative_02.txt,train,CVAT_Manual_Review_YOLO,True,ACCEPTED_GROUND_TRUTH
s_0144,YawDD,YawDD_Subj_014,YawDD_Subj_014_Dash_eyes,YawDD_Subj_014_eyes_open_01,data\annotated\images\val\YawDD_Subj_014_eyes_open_01.jpg,data\annotated\labels\val\YawDD_Subj_014_eyes_open_01.txt,val,CVAT_Manual_Review_YOLO,True,ACCEPTED_GROUND_TRUTH
s_0145,YawDD,YawDD_Subj_014,YawDD_Subj_014_Dash_eyes,YawDD_Subj_014_eyes_open_02,data\annotated\images\val\YawDD_Subj_014_eyes_open_02.jpg,data\annotated\labels\val\YawDD_Subj_014_eyes_open_02.txt,val,CVAT_Manual_Review_YOLO,True,ACCEPTED_GROUND_TRUTH
s_0146,YawDD,YawDD_Subj_014,YawDD_Subj_014_Dash_eyes,YawDD_Subj_014_eyes_open_03,data\annotated\images\val\YawDD_Subj_014_eyes_open_03.jpg,data\annotated\labels\val\YawDD_Subj_014_eyes_open_03.txt,val,CVAT_Manual_Review_YOLO,True,ACCEPTED_GROUND_TRUTH
s_0147,YawDD,YawDD_Subj_014,YawDD_Subj_014_Dash_eyes,YawDD_Subj_014_eyes_closed_01,data\annotated\images\val\YawDD_Subj_014_eyes_closed_01.jpg,data\annotated\labels\val\YawDD_Subj_014_eyes_closed_01.txt,val,CVAT_Manual_Review_YOLO,True,ACCEPTED_GROUND_TRUTH
s_0148,YawDD,YawDD_Subj_014,YawDD_Subj_014_Dash_eyes,YawDD_Subj_014_eyes_closed_02,data\annotated\images\val\YawDD_Subj_014_eyes_closed_02.jpg,data\annotated\labels\val\YawDD_Subj_014_eyes_closed_02.txt,val,CVAT_Manual_Review_YOLO,True,ACCEPTED_GROUND_TRUTH
s_0149,YawDD,YawDD_Subj_014,YawDD_Subj_014_Dash_eyes,YawDD_Subj_014_eyes_closed_03,data\annotated\images\val\YawDD_Subj_014_eyes_closed_03.jpg,data\annotated\labels\val\YawDD_Subj_014_eyes_closed_03.txt,val,CVAT_Manual_Review_YOLO,True,ACCEPTED_GROUND_TRUTH
s_0150,YawDD,YawDD_Subj_014,YawDD_Subj_014_Dash_yawning,YawDD_Subj_014_yawning_01,data\annotated\images\val\YawDD_Subj_014_yawning_01.jpg,data\annotated\labels\val\YawDD_Subj_014_yawning_01.txt,val,CVAT_Manual_Review_YOLO,True,ACCEPTED_GROUND_TRUTH
s_0151,YawDD,YawDD_Subj_014,YawDD_Subj_014_Dash_yawning,YawDD_Subj_014_yawning_02,data\annotated\images\val\YawDD_Subj_014_yawning_02.jpg,data\annotated\labels\val\YawDD_Subj_014_yawning_02.txt,val,CVAT_Manual_Review_YOLO,True,ACCEPTED_GROUND_TRUTH
s_0152,YawDD,YawDD_Subj_014,YawDD_Subj_014_Dash_yawning,YawDD_Subj_014_yawning_03,data\annotated\images\val\YawDD_Subj_014_yawning_03.jpg,data\annotated\labels\val\YawDD_Subj_014_yawning_03.txt,val,CVAT_Manual_Review_YOLO,True,ACCEPTED_GROUND_TRUTH
s_0153,YawDD,YawDD_Subj_014,YawDD_Subj_014_Dash_talking,YawDD_Subj_014_talking_negative_01,data\annotated\images\val\YawDD_Subj_014_talking_negative_01.jpg,data\annotated\labels\val\YawDD_Subj_014_talking_negative_01.txt,val,CVAT_Manual_Review_YOLO,True,ACCEPTED_GROUND_TRUTH
s_0154,YawDD,YawDD_Subj_014,YawDD_Subj_014_Dash_talking,YawDD_Subj_014_talking_negative_02,data\annotated\images\val\YawDD_Subj_014_talking_negative_02.jpg,data\annotated\labels\val\YawDD_Subj_014_talking_negative_02.txt,val,CVAT_Manual_Review_YOLO,True,ACCEPTED_GROUND_TRUTH
s_0155,YawDD,YawDD_Subj_015,YawDD_Subj_015_Mirror_eyes,YawDD_Subj_015_eyes_open_01,data\annotated\images\val\YawDD_Subj_015_eyes_open_01.jpg,data\annotated\labels\val\YawDD_Subj_015_eyes_open_01.txt,val,CVAT_Manual_Review_YOLO,True,ACCEPTED_GROUND_TRUTH
s_0156,YawDD,YawDD_Subj_015,YawDD_Subj_015_Mirror_eyes,YawDD_Subj_015_eyes_open_02,data\annotated\images\val\YawDD_Subj_015_eyes_open_02.jpg,data\annotated\labels\val\YawDD_Subj_015_eyes_open_02.txt,val,CVAT_Manual_Review_YOLO,True,ACCEPTED_GROUND_TRUTH
s_0157,YawDD,YawDD_Subj_015,YawDD_Subj_015_Mirror_eyes,YawDD_Subj_015_eyes_open_03,data\annotated\images\val\YawDD_Subj_015_eyes_open_03.jpg,data\annotated\labels\val\YawDD_Subj_015_eyes_open_03.txt,val,CVAT_Manual_Review_YOLO,True,ACCEPTED_GROUND_TRUTH
s_0158,YawDD,YawDD_Subj_015,YawDD_Subj_015_Mirror_eyes,YawDD_Subj_015_eyes_closed_01,data\annotated\images\val\YawDD_Subj_015_eyes_closed_01.jpg,data\annotated\labels\val\YawDD_Subj_015_eyes_closed_01.txt,val,CVAT_Manual_Review_YOLO,True,ACCEPTED_GROUND_TRUTH
s_0159,YawDD,YawDD_Subj_015,YawDD_Subj_015_Mirror_eyes,YawDD_Subj_015_eyes_closed_02,data\annotated\images\val\YawDD_Subj_015_eyes_closed_02.jpg,data\annotated\labels\val\YawDD_Subj_015_eyes_closed_02.txt,val,CVAT_Manual_Review_YOLO,True,ACCEPTED_GROUND_TRUTH
s_0160,YawDD,YawDD_Subj_015,YawDD_Subj_015_Mirror_eyes,YawDD_Subj_015_eyes_closed_03,data\annotated\images\val\YawDD_Subj_015_eyes_closed_03.jpg,data\annotated\labels\val\YawDD_Subj_015_eyes_closed_03.txt,val,CVAT_Manual_Review_YOLO,True,ACCEPTED_GROUND_TRUTH
s_0161,YawDD,YawDD_Subj_015,YawDD_Subj_015_Mirror_yawning,YawDD_Subj_015_yawning_01,data\annotated\images\val\YawDD_Subj_015_yawning_01.jpg,data\annotated\labels\val\YawDD_Subj_015_yawning_01.txt,val,CVAT_Manual_Review_YOLO,True,ACCEPTED_GROUND_TRUTH
s_0162,YawDD,YawDD_Subj_015,YawDD_Subj_015_Mirror_yawning,YawDD_Subj_015_yawning_02,data\annotated\images\val\YawDD_Subj_015_yawning_02.jpg,data\annotated\labels\val\YawDD_Subj_015_yawning_02.txt,val,CVAT_Manual_Review_YOLO,True,ACCEPTED_GROUND_TRUTH
s_0163,YawDD,YawDD_Subj_015,YawDD_Subj_015_Mirror_yawning,YawDD_Subj_015_yawning_03,data\annotated\images\val\YawDD_Subj_015_yawning_03.jpg,data\annotated\labels\val\YawDD_Subj_015_yawning_03.txt,val,CVAT_Manual_Review_YOLO,True,ACCEPTED_GROUND_TRUTH
s_0164,YawDD,YawDD_Subj_015,YawDD_Subj_015_Mirror_talking,YawDD_Subj_015_talking_negative_01,data\annotated\images\val\YawDD_Subj_015_talking_negative_01.jpg,data\annotated\labels\val\YawDD_Subj_015_talking_negative_01.txt,val,CVAT_Manual_Review_YOLO,True,ACCEPTED_GROUND_TRUTH
s_0165,YawDD,YawDD_Subj_015,YawDD_Subj_015_Mirror_talking,YawDD_Subj_015_talking_negative_02,data\annotated\images\val\YawDD_Subj_015_talking_negative_02.jpg,data\annotated\labels\val\YawDD_Subj_015_talking_negative_02.txt,val,CVAT_Manual_Review_YOLO,True,ACCEPTED_GROUND_TRUTH
s_0166,YawDD,YawDD_Subj_016,YawDD_Subj_016_Mirror_eyes,YawDD_Subj_016_eyes_open_01,data\annotated\images\val\YawDD_Subj_016_eyes_open_01.jpg,data\annotated\labels\val\YawDD_Subj_016_eyes_open_01.txt,val,CVAT_Manual_Review_YOLO,True,ACCEPTED_GROUND_TRUTH
s_0167,YawDD,YawDD_Subj_016,YawDD_Subj_016_Mirror_eyes,YawDD_Subj_016_eyes_open_02,data\annotated\images\val\YawDD_Subj_016_eyes_open_02.jpg,data\annotated\labels\val\YawDD_Subj_016_eyes_open_02.txt,val,CVAT_Manual_Review_YOLO,True,ACCEPTED_GROUND_TRUTH
s_0168,YawDD,YawDD_Subj_016,YawDD_Subj_016_Mirror_eyes,YawDD_Subj_016_eyes_open_03,data\annotated\images\val\YawDD_Subj_016_eyes_open_03.jpg,data\annotated\labels\val\YawDD_Subj_016_eyes_open_03.txt,val,CVAT_Manual_Review_YOLO,True,ACCEPTED_GROUND_TRUTH
s_0169,YawDD,YawDD_Subj_016,YawDD_Subj_016_Mirror_eyes,YawDD_Subj_016_eyes_closed_01,data\annotated\images\val\YawDD_Subj_016_eyes_closed_01.jpg,data\annotated\labels\val\YawDD_Subj_016_eyes_closed_01.txt,val,CVAT_Manual_Review_YOLO,True,ACCEPTED_GROUND_TRUTH
s_0170,YawDD,YawDD_Subj_016,YawDD_Subj_016_Mirror_eyes,YawDD_Subj_016_eyes_closed_02,data\annotated\images\val\YawDD_Subj_016_eyes_closed_02.jpg,data\annotated\labels\val\YawDD_Subj_016_eyes_closed_02.txt,val,CVAT_Manual_Review_YOLO,True,ACCEPTED_GROUND_TRUTH
s_0171,YawDD,YawDD_Subj_016,YawDD_Subj_016_Mirror_eyes,YawDD_Subj_016_eyes_closed_03,data\annotated\images\val\YawDD_Subj_016_eyes_closed_03.jpg,data\annotated\labels\val\YawDD_Subj_016_eyes_closed_03.txt,val,CVAT_Manual_Review_YOLO,True,ACCEPTED_GROUND_TRUTH
s_0172,YawDD,YawDD_Subj_016,YawDD_Subj_016_Mirror_yawning,YawDD_Subj_016_yawning_01,data\annotated\images\val\YawDD_Subj_016_yawning_01.jpg,data\annotated\labels\val\YawDD_Subj_016_yawning_01.txt,val,CVAT_Manual_Review_YOLO,True,ACCEPTED_GROUND_TRUTH
s_0173,YawDD,YawDD_Subj_016,YawDD_Subj_016_Mirror_yawning,YawDD_Subj_016_yawning_02,data\annotated\images\val\YawDD_Subj_016_yawning_02.jpg,data\annotated\labels\val\YawDD_Subj_016_yawning_02.txt,val,CVAT_Manual_Review_YOLO,True,ACCEPTED_GROUND_TRUTH
s_0174,YawDD,YawDD_Subj_016,YawDD_Subj_016_Mirror_yawning,YawDD_Subj_016_yawning_03,data\annotated\images\val\YawDD_Subj_016_yawning_03.jpg,data\annotated\labels\val\YawDD_Subj_016_yawning_03.txt,val,CVAT_Manual_Review_YOLO,True,ACCEPTED_GROUND_TRUTH
s_0175,YawDD,YawDD_Subj_016,YawDD_Subj_016_Mirror_talking,YawDD_Subj_016_talking_negative_01,data\annotated\images\val\YawDD_Subj_016_talking_negative_01.jpg,data\annotated\labels\val\YawDD_Subj_016_talking_negative_01.txt,val,CVAT_Manual_Review_YOLO,True,ACCEPTED_GROUND_TRUTH
s_0176,YawDD,YawDD_Subj_016,YawDD_Subj_016_Mirror_talking,YawDD_Subj_016_talking_negative_02,data\annotated\images\val\YawDD_Subj_016_talking_negative_02.jpg,data\annotated\labels\val\YawDD_Subj_016_talking_negative_02.txt,val,CVAT_Manual_Review_YOLO,True,ACCEPTED_GROUND_TRUTH
s_0177,YawDD,YawDD_Subj_017,YawDD_Subj_017_Mirror_eyes,YawDD_Subj_017_eyes_open_01,data\annotated\images\test\YawDD_Subj_017_eyes_open_01.jpg,data\annotated\labels\test\YawDD_Subj_017_eyes_open_01.txt,test,CVAT_Manual_Review_YOLO,True,ACCEPTED_GROUND_TRUTH
s_0178,YawDD,YawDD_Subj_017,YawDD_Subj_017_Mirror_eyes,YawDD_Subj_017_eyes_open_02,data\annotated\images\test\YawDD_Subj_017_eyes_open_02.jpg,data\annotated\labels\test\YawDD_Subj_017_eyes_open_02.txt,test,CVAT_Manual_Review_YOLO,True,ACCEPTED_GROUND_TRUTH
s_0179,YawDD,YawDD_Subj_017,YawDD_Subj_017_Mirror_eyes,YawDD_Subj_017_eyes_open_03,data\annotated\images\test\YawDD_Subj_017_eyes_open_03.jpg,data\annotated\labels\test\YawDD_Subj_017_eyes_open_03.txt,test,CVAT_Manual_Review_YOLO,True,ACCEPTED_GROUND_TRUTH
s_0180,YawDD,YawDD_Subj_017,YawDD_Subj_017_Mirror_eyes,YawDD_Subj_017_eyes_closed_01,data\annotated\images\test\YawDD_Subj_017_eyes_closed_01.jpg,data\annotated\labels\test\YawDD_Subj_017_eyes_closed_01.txt,test,CVAT_Manual_Review_YOLO,True,ACCEPTED_GROUND_TRUTH
s_0181,YawDD,YawDD_Subj_017,YawDD_Subj_017_Mirror_eyes,YawDD_Subj_017_eyes_closed_02,data\annotated\images\test\YawDD_Subj_017_eyes_closed_02.jpg,data\annotated\labels\test\YawDD_Subj_017_eyes_closed_02.txt,test,CVAT_Manual_Review_YOLO,True,ACCEPTED_GROUND_TRUTH
s_0182,YawDD,YawDD_Subj_017,YawDD_Subj_017_Mirror_eyes,YawDD_Subj_017_eyes_closed_03,data\annotated\images\test\YawDD_Subj_017_eyes_closed_03.jpg,data\annotated\labels\test\YawDD_Subj_017_eyes_closed_03.txt,test,CVAT_Manual_Review_YOLO,True,ACCEPTED_GROUND_TRUTH
s_0183,YawDD,YawDD_Subj_017,YawDD_Subj_017_Mirror_yawning,YawDD_Subj_017_yawning_01,data\annotated\images\test\YawDD_Subj_017_yawning_01.jpg,data\annotated\labels\test\YawDD_Subj_017_yawning_01.txt,test,CVAT_Manual_Review_YOLO,True,ACCEPTED_GROUND_TRUTH
s_0184,YawDD,YawDD_Subj_017,YawDD_Subj_017_Mirror_yawning,YawDD_Subj_017_yawning_02,data\annotated\images\test\YawDD_Subj_017_yawning_02.jpg,data\annotated\labels\test\YawDD_Subj_017_yawning_02.txt,test,CVAT_Manual_Review_YOLO,True,ACCEPTED_GROUND_TRUTH
s_0185,YawDD,YawDD_Subj_017,YawDD_Subj_017_Mirror_yawning,YawDD_Subj_017_yawning_03,data\annotated\images\test\YawDD_Subj_017_yawning_03.jpg,data\annotated\labels\test\YawDD_Subj_017_yawning_03.txt,test,CVAT_Manual_Review_YOLO,True,ACCEPTED_GROUND_TRUTH
s_0186,YawDD,YawDD_Subj_017,YawDD_Subj_017_Mirror_talking,YawDD_Subj_017_talking_negative_01,data\annotated\images\test\YawDD_Subj_017_talking_negative_01.jpg,data\annotated\labels\test\YawDD_Subj_017_talking_negative_01.txt,test,CVAT_Manual_Review_YOLO,True,ACCEPTED_GROUND_TRUTH
s_0187,YawDD,YawDD_Subj_017,YawDD_Subj_017_Mirror_talking,YawDD_Subj_017_talking_negative_02,data\annotated\images\test\YawDD_Subj_017_talking_negative_02.jpg,data\annotated\labels\test\YawDD_Subj_017_talking_negative_02.txt,test,CVAT_Manual_Review_YOLO,True,ACCEPTED_GROUND_TRUTH
s_0188,YawDD,YawDD_Subj_018,YawDD_Subj_018_Mirror_eyes,YawDD_Subj_018_eyes_open_01,data\annotated\images\test\YawDD_Subj_018_eyes_open_01.jpg,data\annotated\labels\test\YawDD_Subj_018_eyes_open_01.txt,test,CVAT_Manual_Review_YOLO,True,ACCEPTED_GROUND_TRUTH
s_0189,YawDD,YawDD_Subj_018,YawDD_Subj_018_Mirror_eyes,YawDD_Subj_018_eyes_open_02,data\annotated\images\test\YawDD_Subj_018_eyes_open_02.jpg,data\annotated\labels\test\YawDD_Subj_018_eyes_open_02.txt,test,CVAT_Manual_Review_YOLO,True,ACCEPTED_GROUND_TRUTH
s_0190,YawDD,YawDD_Subj_018,YawDD_Subj_018_Mirror_eyes,YawDD_Subj_018_eyes_open_03,data\annotated\images\test\YawDD_Subj_018_eyes_open_03.jpg,data\annotated\labels\test\YawDD_Subj_018_eyes_open_03.txt,test,CVAT_Manual_Review_YOLO,True,ACCEPTED_GROUND_TRUTH
s_0191,YawDD,YawDD_Subj_018,YawDD_Subj_018_Mirror_eyes,YawDD_Subj_018_eyes_closed_01,data\annotated\images\test\YawDD_Subj_018_eyes_closed_01.jpg,data\annotated\labels\test\YawDD_Subj_018_eyes_closed_01.txt,test,CVAT_Manual_Review_YOLO,True,ACCEPTED_GROUND_TRUTH
s_0192,YawDD,YawDD_Subj_018,YawDD_Subj_018_Mirror_eyes,YawDD_Subj_018_eyes_closed_02,data\annotated\images\test\YawDD_Subj_018_eyes_closed_02.jpg,data\annotated\labels\test\YawDD_Subj_018_eyes_closed_02.txt,test,CVAT_Manual_Review_YOLO,True,ACCEPTED_GROUND_TRUTH
s_0193,YawDD,YawDD_Subj_018,YawDD_Subj_018_Mirror_eyes,YawDD_Subj_018_eyes_closed_03,data\annotated\images\test\YawDD_Subj_018_eyes_closed_03.jpg,data\annotated\labels\test\YawDD_Subj_018_eyes_closed_03.txt,test,CVAT_Manual_Review_YOLO,True,ACCEPTED_GROUND_TRUTH
s_0194,YawDD,YawDD_Subj_018,YawDD_Subj_018_Mirror_yawning,YawDD_Subj_018_yawning_01,data\annotated\images\test\YawDD_Subj_018_yawning_01.jpg,data\annotated\labels\test\YawDD_Subj_018_yawning_01.txt,test,CVAT_Manual_Review_YOLO,True,ACCEPTED_GROUND_TRUTH
s_0195,YawDD,YawDD_Subj_018,YawDD_Subj_018_Mirror_yawning,YawDD_Subj_018_yawning_02,data\annotated\images\test\YawDD_Subj_018_yawning_02.jpg,data\annotated\labels\test\YawDD_Subj_018_yawning_02.txt,test,CVAT_Manual_Review_YOLO,True,ACCEPTED_GROUND_TRUTH
s_0196,YawDD,YawDD_Subj_018,YawDD_Subj_018_Mirror_yawning,YawDD_Subj_018_yawning_03,data\annotated\images\test\YawDD_Subj_018_yawning_03.jpg,data\annotated\labels\test\YawDD_Subj_018_yawning_03.txt,test,CVAT_Manual_Review_YOLO,True,ACCEPTED_GROUND_TRUTH
s_0197,YawDD,YawDD_Subj_018,YawDD_Subj_018_Mirror_talking,YawDD_Subj_018_talking_negative_01,data\annotated\images\test\YawDD_Subj_018_talking_negative_01.jpg,data\annotated\labels\test\YawDD_Subj_018_talking_negative_01.txt,test,CVAT_Manual_Review_YOLO,True,ACCEPTED_GROUND_TRUTH
s_0198,YawDD,YawDD_Subj_018,YawDD_Subj_018_Mirror_talking,YawDD_Subj_018_talking_negative_02,data\annotated\images\test\YawDD_Subj_018_talking_negative_02.jpg,data\annotated\labels\test\YawDD_Subj_018_talking_negative_02.txt,test,CVAT_Manual_Review_YOLO,True,ACCEPTED_GROUND_TRUTH
s_0199,DMD,DMD_Subject_01,DMD_Subject_01_Dash_eyes,DMD_Subject_01_eyes_open_01,data\annotated\images\train\DMD_Subject_01_eyes_open_01.jpg,data\annotated\labels\train\DMD_Subject_01_eyes_open_01.txt,train,CVAT_Manual_Review_YOLO,True,ACCEPTED_GROUND_TRUTH
s_0200,DMD,DMD_Subject_01,DMD_Subject_01_Dash_eyes,DMD_Subject_01_eyes_open_02,data\annotated\images\train\DMD_Subject_01_eyes_open_02.jpg,data\annotated\labels\train\DMD_Subject_01_eyes_open_02.txt,train,CVAT_Manual_Review_YOLO,True,ACCEPTED_GROUND_TRUTH
s_0201,DMD,DMD_Subject_01,DMD_Subject_01_Dash_eyes,DMD_Subject_01_eyes_open_03,data\annotated\images\train\DMD_Subject_01_eyes_open_03.jpg,data\annotated\labels\train\DMD_Subject_01_eyes_open_03.txt,train,CVAT_Manual_Review_YOLO,True,ACCEPTED_GROUND_TRUTH
s_0202,DMD,DMD_Subject_01,DMD_Subject_01_Dash_eyes,DMD_Subject_01_eyes_closed_01,data\annotated\images\train\DMD_Subject_01_eyes_closed_01.jpg,data\annotated\labels\train\DMD_Subject_01_eyes_closed_01.txt,train,CVAT_Manual_Review_YOLO,True,ACCEPTED_GROUND_TRUTH
s_0203,DMD,DMD_Subject_01,DMD_Subject_01_Dash_eyes,DMD_Subject_01_eyes_closed_02,data\annotated\images\train\DMD_Subject_01_eyes_closed_02.jpg,data\annotated\labels\train\DMD_Subject_01_eyes_closed_02.txt,train,CVAT_Manual_Review_YOLO,True,ACCEPTED_GROUND_TRUTH
s_0204,DMD,DMD_Subject_01,DMD_Subject_01_Dash_eyes,DMD_Subject_01_eyes_closed_03,data\annotated\images\train\DMD_Subject_01_eyes_closed_03.jpg,data\annotated\labels\train\DMD_Subject_01_eyes_closed_03.txt,train,CVAT_Manual_Review_YOLO,True,ACCEPTED_GROUND_TRUTH
s_0205,DMD,DMD_Subject_01,DMD_Subject_01_Dash_yawning,DMD_Subject_01_yawning_01,data\annotated\images\train\DMD_Subject_01_yawning_01.jpg,data\annotated\labels\train\DMD_Subject_01_yawning_01.txt,train,CVAT_Manual_Review_YOLO,True,ACCEPTED_GROUND_TRUTH
s_0206,DMD,DMD_Subject_01,DMD_Subject_01_Dash_yawning,DMD_Subject_01_yawning_02,data\annotated\images\train\DMD_Subject_01_yawning_02.jpg,data\annotated\labels\train\DMD_Subject_01_yawning_02.txt,train,CVAT_Manual_Review_YOLO,True,ACCEPTED_GROUND_TRUTH
s_0207,DMD,DMD_Subject_01,DMD_Subject_01_Dash_yawning,DMD_Subject_01_yawning_03,data\annotated\images\train\DMD_Subject_01_yawning_03.jpg,data\annotated\labels\train\DMD_Subject_01_yawning_03.txt,train,CVAT_Manual_Review_YOLO,True,ACCEPTED_GROUND_TRUTH
s_0208,DMD,DMD_Subject_01,DMD_Subject_01_Dash_talking,DMD_Subject_01_talking_negative_01,data\annotated\images\train\DMD_Subject_01_talking_negative_01.jpg,data\annotated\labels\train\DMD_Subject_01_talking_negative_01.txt,train,CVAT_Manual_Review_YOLO,True,ACCEPTED_GROUND_TRUTH
s_0209,DMD,DMD_Subject_01,DMD_Subject_01_Dash_talking,DMD_Subject_01_talking_negative_02,data\annotated\images\train\DMD_Subject_01_talking_negative_02.jpg,data\annotated\labels\train\DMD_Subject_01_talking_negative_02.txt,train,CVAT_Manual_Review_YOLO,True,ACCEPTED_GROUND_TRUTH
s_0210,DMD,DMD_Subject_05,DMD_Subject_05_Dash_eyes,DMD_Subject_05_eyes_open_01,data\annotated\images\train\DMD_Subject_05_eyes_open_01.jpg,data\annotated\labels\train\DMD_Subject_05_eyes_open_01.txt,train,CVAT_Manual_Review_YOLO,True,ACCEPTED_GROUND_TRUTH
s_0211,DMD,DMD_Subject_05,DMD_Subject_05_Dash_eyes,DMD_Subject_05_eyes_open_02,data\annotated\images\train\DMD_Subject_05_eyes_open_02.jpg,data\annotated\labels\train\DMD_Subject_05_eyes_open_02.txt,train,CVAT_Manual_Review_YOLO,True,ACCEPTED_GROUND_TRUTH
s_0212,DMD,DMD_Subject_05,DMD_Subject_05_Dash_eyes,DMD_Subject_05_eyes_open_03,data\annotated\images\train\DMD_Subject_05_eyes_open_03.jpg,data\annotated\labels\train\DMD_Subject_05_eyes_open_03.txt,train,CVAT_Manual_Review_YOLO,True,ACCEPTED_GROUND_TRUTH
s_0213,DMD,DMD_Subject_05,DMD_Subject_05_Dash_eyes,DMD_Subject_05_eyes_closed_01,data\annotated\images\train\DMD_Subject_05_eyes_closed_01.jpg,data\annotated\labels\train\DMD_Subject_05_eyes_closed_01.txt,train,CVAT_Manual_Review_YOLO,True,ACCEPTED_GROUND_TRUTH
s_0214,DMD,DMD_Subject_05,DMD_Subject_05_Dash_eyes,DMD_Subject_05_eyes_closed_02,data\annotated\images\train\DMD_Subject_05_eyes_closed_02.jpg,data\annotated\labels\train\DMD_Subject_05_eyes_closed_02.txt,train,CVAT_Manual_Review_YOLO,True,ACCEPTED_GROUND_TRUTH
s_0215,DMD,DMD_Subject_05,DMD_Subject_05_Dash_eyes,DMD_Subject_05_eyes_closed_03,data\annotated\images\train\DMD_Subject_05_eyes_closed_03.jpg,data\annotated\labels\train\DMD_Subject_05_eyes_closed_03.txt,train,CVAT_Manual_Review_YOLO,True,ACCEPTED_GROUND_TRUTH
s_0216,DMD,DMD_Subject_05,DMD_Subject_05_Dash_yawning,DMD_Subject_05_yawning_01,data\annotated\images\train\DMD_Subject_05_yawning_01.jpg,data\annotated\labels\train\DMD_Subject_05_yawning_01.txt,train,CVAT_Manual_Review_YOLO,True,ACCEPTED_GROUND_TRUTH
s_0217,DMD,DMD_Subject_05,DMD_Subject_05_Dash_yawning,DMD_Subject_05_yawning_02,data\annotated\images\train\DMD_Subject_05_yawning_02.jpg,data\annotated\labels\train\DMD_Subject_05_yawning_02.txt,train,CVAT_Manual_Review_YOLO,True,ACCEPTED_GROUND_TRUTH
s_0218,DMD,DMD_Subject_05,DMD_Subject_05_Dash_yawning,DMD_Subject_05_yawning_03,data\annotated\images\train\DMD_Subject_05_yawning_03.jpg,data\annotated\labels\train\DMD_Subject_05_yawning_03.txt,train,CVAT_Manual_Review_YOLO,True,ACCEPTED_GROUND_TRUTH
s_0219,DMD,DMD_Subject_05,DMD_Subject_05_Dash_talking,DMD_Subject_05_talking_negative_01,data\annotated\images\train\DMD_Subject_05_talking_negative_01.jpg,data\annotated\labels\train\DMD_Subject_05_talking_negative_01.txt,train,CVAT_Manual_Review_YOLO,True,ACCEPTED_GROUND_TRUTH
s_0220,DMD,DMD_Subject_05,DMD_Subject_05_Dash_talking,DMD_Subject_05_talking_negative_02,data\annotated\images\train\DMD_Subject_05_talking_negative_02.jpg,data\annotated\labels\train\DMD_Subject_05_talking_negative_02.txt,train,CVAT_Manual_Review_YOLO,True,ACCEPTED_GROUND_TRUTH
s_0221,DMD,DMD_Subject_06,DMD_Subject_06_Dash_eyes,DMD_Subject_06_eyes_open_01,data\annotated\images\train\DMD_Subject_06_eyes_open_01.jpg,data\annotated\labels\train\DMD_Subject_06_eyes_open_01.txt,train,CVAT_Manual_Review_YOLO,True,ACCEPTED_GROUND_TRUTH
s_0222,DMD,DMD_Subject_06,DMD_Subject_06_Dash_eyes,DMD_Subject_06_eyes_open_02,data\annotated\images\train\DMD_Subject_06_eyes_open_02.jpg,data\annotated\labels\train\DMD_Subject_06_eyes_open_02.txt,train,CVAT_Manual_Review_YOLO,True,ACCEPTED_GROUND_TRUTH
s_0223,DMD,DMD_Subject_06,DMD_Subject_06_Dash_eyes,DMD_Subject_06_eyes_open_03,data\annotated\images\train\DMD_Subject_06_eyes_open_03.jpg,data\annotated\labels\train\DMD_Subject_06_eyes_open_03.txt,train,CVAT_Manual_Review_YOLO,True,ACCEPTED_GROUND_TRUTH
s_0224,DMD,DMD_Subject_06,DMD_Subject_06_Dash_eyes,DMD_Subject_06_eyes_closed_01,data\annotated\images\train\DMD_Subject_06_eyes_closed_01.jpg,data\annotated\labels\train\DMD_Subject_06_eyes_closed_01.txt,train,CVAT_Manual_Review_YOLO,True,ACCEPTED_GROUND_TRUTH
s_0225,DMD,DMD_Subject_06,DMD_Subject_06_Dash_eyes,DMD_Subject_06_eyes_closed_02,data\annotated\images\train\DMD_Subject_06_eyes_closed_02.jpg,data\annotated\labels\train\DMD_Subject_06_eyes_closed_02.txt,train,CVAT_Manual_Review_YOLO,True,ACCEPTED_GROUND_TRUTH
s_0226,DMD,DMD_Subject_06,DMD_Subject_06_Dash_eyes,DMD_Subject_06_eyes_closed_03,data\annotated\images\train\DMD_Subject_06_eyes_closed_03.jpg,data\annotated\labels\train\DMD_Subject_06_eyes_closed_03.txt,train,CVAT_Manual_Review_YOLO,True,ACCEPTED_GROUND_TRUTH
s_0227,DMD,DMD_Subject_06,DMD_Subject_06_Dash_yawning,DMD_Subject_06_yawning_01,data\annotated\images\train\DMD_Subject_06_yawning_01.jpg,data\annotated\labels\train\DMD_Subject_06_yawning_01.txt,train,CVAT_Manual_Review_YOLO,True,ACCEPTED_GROUND_TRUTH
s_0228,DMD,DMD_Subject_06,DMD_Subject_06_Dash_yawning,DMD_Subject_06_yawning_02,data\annotated\images\train\DMD_Subject_06_yawning_02.jpg,data\annotated\labels\train\DMD_Subject_06_yawning_02.txt,train,CVAT_Manual_Review_YOLO,True,ACCEPTED_GROUND_TRUTH
s_0229,DMD,DMD_Subject_06,DMD_Subject_06_Dash_yawning,DMD_Subject_06_yawning_03,data\annotated\images\train\DMD_Subject_06_yawning_03.jpg,data\annotated\labels\train\DMD_Subject_06_yawning_03.txt,train,CVAT_Manual_Review_YOLO,True,ACCEPTED_GROUND_TRUTH
s_0230,DMD,DMD_Subject_06,DMD_Subject_06_Dash_talking,DMD_Subject_06_talking_negative_01,data\annotated\images\train\DMD_Subject_06_talking_negative_01.jpg,data\annotated\labels\train\DMD_Subject_06_talking_negative_01.txt,train,CVAT_Manual_Review_YOLO,True,ACCEPTED_GROUND_TRUTH
s_0231,DMD,DMD_Subject_06,DMD_Subject_06_Dash_talking,DMD_Subject_06_talking_negative_02,data\annotated\images\train\DMD_Subject_06_talking_negative_02.jpg,data\annotated\labels\train\DMD_Subject_06_talking_negative_02.txt,train,CVAT_Manual_Review_YOLO,True,ACCEPTED_GROUND_TRUTH
s_0232,DMD,DMD_Subject_07,DMD_Subject_07_Dash_eyes,DMD_Subject_07_eyes_open_01,data\annotated\images\train\DMD_Subject_07_eyes_open_01.jpg,data\annotated\labels\train\DMD_Subject_07_eyes_open_01.txt,train,CVAT_Manual_Review_YOLO,True,ACCEPTED_GROUND_TRUTH
s_0233,DMD,DMD_Subject_07,DMD_Subject_07_Dash_eyes,DMD_Subject_07_eyes_open_02,data\annotated\images\train\DMD_Subject_07_eyes_open_02.jpg,data\annotated\labels\train\DMD_Subject_07_eyes_open_02.txt,train,CVAT_Manual_Review_YOLO,True,ACCEPTED_GROUND_TRUTH
s_0234,DMD,DMD_Subject_07,DMD_Subject_07_Dash_eyes,DMD_Subject_07_eyes_open_03,data\annotated\images\train\DMD_Subject_07_eyes_open_03.jpg,data\annotated\labels\train\DMD_Subject_07_eyes_open_03.txt,train,CVAT_Manual_Review_YOLO,True,ACCEPTED_GROUND_TRUTH
s_0235,DMD,DMD_Subject_07,DMD_Subject_07_Dash_eyes,DMD_Subject_07_eyes_closed_01,data\annotated\images\train\DMD_Subject_07_eyes_closed_01.jpg,data\annotated\labels\train\DMD_Subject_07_eyes_closed_01.txt,train,CVAT_Manual_Review_YOLO,True,ACCEPTED_GROUND_TRUTH
s_0236,DMD,DMD_Subject_07,DMD_Subject_07_Dash_eyes,DMD_Subject_07_eyes_closed_02,data\annotated\images\train\DMD_Subject_07_eyes_closed_02.jpg,data\annotated\labels\train\DMD_Subject_07_eyes_closed_02.txt,train,CVAT_Manual_Review_YOLO,True,ACCEPTED_GROUND_TRUTH
s_0237,DMD,DMD_Subject_07,DMD_Subject_07_Dash_eyes,DMD_Subject_07_eyes_closed_03,data\annotated\images\train\DMD_Subject_07_eyes_closed_03.jpg,data\annotated\labels\train\DMD_Subject_07_eyes_closed_03.txt,train,CVAT_Manual_Review_YOLO,True,ACCEPTED_GROUND_TRUTH
s_0238,DMD,DMD_Subject_07,DMD_Subject_07_Dash_yawning,DMD_Subject_07_yawning_01,data\annotated\images\train\DMD_Subject_07_yawning_01.jpg,data\annotated\labels\train\DMD_Subject_07_yawning_01.txt,train,CVAT_Manual_Review_YOLO,True,ACCEPTED_GROUND_TRUTH
s_0239,DMD,DMD_Subject_07,DMD_Subject_07_Dash_yawning,DMD_Subject_07_yawning_02,data\annotated\images\train\DMD_Subject_07_yawning_02.jpg,data\annotated\labels\train\DMD_Subject_07_yawning_02.txt,train,CVAT_Manual_Review_YOLO,True,ACCEPTED_GROUND_TRUTH
s_0240,DMD,DMD_Subject_07,DMD_Subject_07_Dash_yawning,DMD_Subject_07_yawning_03,data\annotated\images\train\DMD_Subject_07_yawning_03.jpg,data\annotated\labels\train\DMD_Subject_07_yawning_03.txt,train,CVAT_Manual_Review_YOLO,True,ACCEPTED_GROUND_TRUTH
s_0241,DMD,DMD_Subject_07,DMD_Subject_07_Dash_talking,DMD_Subject_07_talking_negative_01,data\annotated\images\train\DMD_Subject_07_talking_negative_01.jpg,data\annotated\labels\train\DMD_Subject_07_talking_negative_01.txt,train,CVAT_Manual_Review_YOLO,True,ACCEPTED_GROUND_TRUTH
s_0242,DMD,DMD_Subject_07,DMD_Subject_07_Dash_talking,DMD_Subject_07_talking_negative_02,data\annotated\images\train\DMD_Subject_07_talking_negative_02.jpg,data\annotated\labels\train\DMD_Subject_07_talking_negative_02.txt,train,CVAT_Manual_Review_YOLO,True,ACCEPTED_GROUND_TRUTH
s_0243,DMD,DMD_Subject_09,DMD_Subject_09_Dash_eyes,DMD_Subject_09_eyes_open_01,data\annotated\images\val\DMD_Subject_09_eyes_open_01.jpg,data\annotated\labels\val\DMD_Subject_09_eyes_open_01.txt,val,CVAT_Manual_Review_YOLO,True,ACCEPTED_GROUND_TRUTH
s_0244,DMD,DMD_Subject_09,DMD_Subject_09_Dash_eyes,DMD_Subject_09_eyes_open_02,data\annotated\images\val\DMD_Subject_09_eyes_open_02.jpg,data\annotated\labels\val\DMD_Subject_09_eyes_open_02.txt,val,CVAT_Manual_Review_YOLO,True,ACCEPTED_GROUND_TRUTH
s_0245,DMD,DMD_Subject_09,DMD_Subject_09_Dash_eyes,DMD_Subject_09_eyes_open_03,data\annotated\images\val\DMD_Subject_09_eyes_open_03.jpg,data\annotated\labels\val\DMD_Subject_09_eyes_open_03.txt,val,CVAT_Manual_Review_YOLO,True,ACCEPTED_GROUND_TRUTH
s_0246,DMD,DMD_Subject_09,DMD_Subject_09_Dash_eyes,DMD_Subject_09_eyes_closed_01,data\annotated\images\val\DMD_Subject_09_eyes_closed_01.jpg,data\annotated\labels\val\DMD_Subject_09_eyes_closed_01.txt,val,CVAT_Manual_Review_YOLO,True,ACCEPTED_GROUND_TRUTH
s_0247,DMD,DMD_Subject_09,DMD_Subject_09_Dash_eyes,DMD_Subject_09_eyes_closed_02,data\annotated\images\val\DMD_Subject_09_eyes_closed_02.jpg,data\annotated\labels\val\DMD_Subject_09_eyes_closed_02.txt,val,CVAT_Manual_Review_YOLO,True,ACCEPTED_GROUND_TRUTH
s_0248,DMD,DMD_Subject_09,DMD_Subject_09_Dash_eyes,DMD_Subject_09_eyes_closed_03,data\annotated\images\val\DMD_Subject_09_eyes_closed_03.jpg,data\annotated\labels\val\DMD_Subject_09_eyes_closed_03.txt,val,CVAT_Manual_Review_YOLO,True,ACCEPTED_GROUND_TRUTH
s_0249,DMD,DMD_Subject_09,DMD_Subject_09_Dash_yawning,DMD_Subject_09_yawning_01,data\annotated\images\val\DMD_Subject_09_yawning_01.jpg,data\annotated\labels\val\DMD_Subject_09_yawning_01.txt,val,CVAT_Manual_Review_YOLO,True,ACCEPTED_GROUND_TRUTH
s_0250,DMD,DMD_Subject_09,DMD_Subject_09_Dash_yawning,DMD_Subject_09_yawning_02,data\annotated\images\val\DMD_Subject_09_yawning_02.jpg,data\annotated\labels\val\DMD_Subject_09_yawning_02.txt,val,CVAT_Manual_Review_YOLO,True,ACCEPTED_GROUND_TRUTH
s_0251,DMD,DMD_Subject_09,DMD_Subject_09_Dash_yawning,DMD_Subject_09_yawning_03,data\annotated\images\val\DMD_Subject_09_yawning_03.jpg,data\annotated\labels\val\DMD_Subject_09_yawning_03.txt,val,CVAT_Manual_Review_YOLO,True,ACCEPTED_GROUND_TRUTH
s_0252,DMD,DMD_Subject_09,DMD_Subject_09_Dash_talking,DMD_Subject_09_talking_negative_01,data\annotated\images\val\DMD_Subject_09_talking_negative_01.jpg,data\annotated\labels\val\DMD_Subject_09_talking_negative_01.txt,val,CVAT_Manual_Review_YOLO,True,ACCEPTED_GROUND_TRUTH
s_0253,DMD,DMD_Subject_09,DMD_Subject_09_Dash_talking,DMD_Subject_09_talking_negative_02,data\annotated\images\val\DMD_Subject_09_talking_negative_02.jpg,data\annotated\labels\val\DMD_Subject_09_talking_negative_02.txt,val,CVAT_Manual_Review_YOLO,True,ACCEPTED_GROUND_TRUTH
s_0254,DMD,DMD_Subject_10,DMD_Subject_10_Dash_eyes,DMD_Subject_10_eyes_open_01,data\annotated\images\test\DMD_Subject_10_eyes_open_01.jpg,data\annotated\labels\test\DMD_Subject_10_eyes_open_01.txt,test,CVAT_Manual_Review_YOLO,True,ACCEPTED_GROUND_TRUTH
s_0255,DMD,DMD_Subject_10,DMD_Subject_10_Dash_eyes,DMD_Subject_10_eyes_open_02,data\annotated\images\test\DMD_Subject_10_eyes_open_02.jpg,data\annotated\labels\test\DMD_Subject_10_eyes_open_02.txt,test,CVAT_Manual_Review_YOLO,True,ACCEPTED_GROUND_TRUTH
s_0256,DMD,DMD_Subject_10,DMD_Subject_10_Dash_eyes,DMD_Subject_10_eyes_open_03,data\annotated\images\test\DMD_Subject_10_eyes_open_03.jpg,data\annotated\labels\test\DMD_Subject_10_eyes_open_03.txt,test,CVAT_Manual_Review_YOLO,True,ACCEPTED_GROUND_TRUTH
s_0257,DMD,DMD_Subject_10,DMD_Subject_10_Dash_eyes,DMD_Subject_10_eyes_closed_01,data\annotated\images\test\DMD_Subject_10_eyes_closed_01.jpg,data\annotated\labels\test\DMD_Subject_10_eyes_closed_01.txt,test,CVAT_Manual_Review_YOLO,True,ACCEPTED_GROUND_TRUTH
s_0258,DMD,DMD_Subject_10,DMD_Subject_10_Dash_eyes,DMD_Subject_10_eyes_closed_02,data\annotated\images\test\DMD_Subject_10_eyes_closed_02.jpg,data\annotated\labels\test\DMD_Subject_10_eyes_closed_02.txt,test,CVAT_Manual_Review_YOLO,True,ACCEPTED_GROUND_TRUTH
s_0259,DMD,DMD_Subject_10,DMD_Subject_10_Dash_eyes,DMD_Subject_10_eyes_closed_03,data\annotated\images\test\DMD_Subject_10_eyes_closed_03.jpg,data\annotated\labels\test\DMD_Subject_10_eyes_closed_03.txt,test,CVAT_Manual_Review_YOLO,True,ACCEPTED_GROUND_TRUTH
s_0260,DMD,DMD_Subject_10,DMD_Subject_10_Dash_yawning,DMD_Subject_10_yawning_01,data\annotated\images\test\DMD_Subject_10_yawning_01.jpg,data\annotated\labels\test\DMD_Subject_10_yawning_01.txt,test,CVAT_Manual_Review_YOLO,True,ACCEPTED_GROUND_TRUTH
s_0261,DMD,DMD_Subject_10,DMD_Subject_10_Dash_yawning,DMD_Subject_10_yawning_02,data\annotated\images\test\DMD_Subject_10_yawning_02.jpg,data\annotated\labels\test\DMD_Subject_10_yawning_02.txt,test,CVAT_Manual_Review_YOLO,True,ACCEPTED_GROUND_TRUTH
s_0262,DMD,DMD_Subject_10,DMD_Subject_10_Dash_yawning,DMD_Subject_10_yawning_03,data\annotated\images\test\DMD_Subject_10_yawning_03.jpg,data\annotated\labels\test\DMD_Subject_10_yawning_03.txt,test,CVAT_Manual_Review_YOLO,True,ACCEPTED_GROUND_TRUTH
s_0263,DMD,DMD_Subject_10,DMD_Subject_10_Dash_talking,DMD_Subject_10_talking_negative_01,data\annotated\images\test\DMD_Subject_10_talking_negative_01.jpg,data\annotated\labels\test\DMD_Subject_10_talking_negative_01.txt,test,CVAT_Manual_Review_YOLO,True,ACCEPTED_GROUND_TRUTH
s_0264,DMD,DMD_Subject_10,DMD_Subject_10_Dash_talking,DMD_Subject_10_talking_negative_02,data\annotated\images\test\DMD_Subject_10_talking_negative_02.jpg,data\annotated\labels\test\DMD_Subject_10_talking_negative_02.txt,test,CVAT_Manual_Review_YOLO,True,ACCEPTED_GROUND_TRUTH
rej_0001,YawDD,YawDD_Subj_001,YawDD_Subj_001_Ambiguous,rejected_edge_001,data\annotated\rejected\images\rejected_edge_001.jpg,data\annotated\rejected\labels\rejected_edge_001.txt,rejected,CVAT_Manual_Review_YOLO,False,REJECTED: Severe hand occlusion obscuring mouth morphology
rej_0002,YawDD,YawDD_Subj_002,YawDD_Subj_002_Ambiguous,rejected_edge_002,data\annotated\rejected\images\rejected_edge_002.jpg,data\annotated\rejected\labels\rejected_edge_002.txt,rejected,CVAT_Manual_Review_YOLO,False,REJECTED: Dark sunglasses obscuring ocular state
rej_0003,YawDD,YawDD_Subj_003,YawDD_Subj_003_Ambiguous,rejected_edge_003,data\annotated\rejected\images\rejected_edge_003.jpg,data\annotated\rejected\labels\rejected_edge_003.txt,rejected,CVAT_Manual_Review_YOLO,False,REJECTED: Severe hand occlusion obscuring mouth morphology
rej_0004,YawDD,YawDD_Subj_004,YawDD_Subj_004_Ambiguous,rejected_edge_004,data\annotated\rejected\images\rejected_edge_004.jpg,data\annotated\rejected\labels\rejected_edge_004.txt,rejected,CVAT_Manual_Review_YOLO,False,REJECTED: Dark sunglasses obscuring ocular state
rej_0005,YawDD,YawDD_Subj_005,YawDD_Subj_005_Ambiguous,rejected_edge_005,data\annotated\rejected\images\rejected_edge_005.jpg,data\annotated\rejected\labels\rejected_edge_005.txt,rejected,CVAT_Manual_Review_YOLO,False,REJECTED: Severe hand occlusion obscuring mouth morphology
rej_0006,YawDD,YawDD_Subj_006,YawDD_Subj_006_Ambiguous,rejected_edge_006,data\annotated\rejected\images\rejected_edge_006.jpg,data\annotated\rejected\labels\rejected_edge_006.txt,rejected,CVAT_Manual_Review_YOLO,False,REJECTED: Dark sunglasses obscuring ocular state
rej_0007,YawDD,YawDD_Subj_007,YawDD_Subj_007_Ambiguous,rejected_edge_007,data\annotated\rejected\images\rejected_edge_007.jpg,data\annotated\rejected\labels\rejected_edge_007.txt,rejected,CVAT_Manual_Review_YOLO,False,REJECTED: Severe hand occlusion obscuring mouth morphology
rej_0008,YawDD,YawDD_Subj_008,YawDD_Subj_008_Ambiguous,rejected_edge_008,data\annotated\rejected\images\rejected_edge_008.jpg,data\annotated\rejected\labels\rejected_edge_008.txt,rejected,CVAT_Manual_Review_YOLO,False,REJECTED: Dark sunglasses obscuring ocular state
rej_0009,YawDD,YawDD_Subj_009,YawDD_Subj_009_Ambiguous,rejected_edge_009,data\annotated\rejected\images\rejected_edge_009.jpg,data\annotated\rejected\labels\rejected_edge_009.txt,rejected,CVAT_Manual_Review_YOLO,False,REJECTED: Severe hand occlusion obscuring mouth morphology
rej_0010,YawDD,YawDD_Subj_010,YawDD_Subj_010_Ambiguous,rejected_edge_010,data\annotated\rejected\images\rejected_edge_010.jpg,data\annotated\rejected\labels\rejected_edge_010.txt,rejected,CVAT_Manual_Review_YOLO,False,REJECTED: Dark sunglasses obscuring ocular state
rej_0011,YawDD,YawDD_Subj_011,YawDD_Subj_011_Ambiguous,rejected_edge_011,data\annotated\rejected\images\rejected_edge_011.jpg,data\annotated\rejected\labels\rejected_edge_011.txt,rejected,CVAT_Manual_Review_YOLO,False,REJECTED: Severe hand occlusion obscuring mouth morphology
rej_0012,YawDD,YawDD_Subj_012,YawDD_Subj_012_Ambiguous,rejected_edge_012,data\annotated\rejected\images\rejected_edge_012.jpg,data\annotated\rejected\labels\rejected_edge_012.txt,rejected,CVAT_Manual_Review_YOLO,False,REJECTED: Dark sunglasses obscuring ocular state
rej_0013,YawDD,YawDD_Subj_013,YawDD_Subj_013_Ambiguous,rejected_edge_013,data\annotated\rejected\images\rejected_edge_013.jpg,data\annotated\rejected\labels\rejected_edge_013.txt,rejected,CVAT_Manual_Review_YOLO,False,REJECTED: Severe hand occlusion obscuring mouth morphology
rej_0014,YawDD,YawDD_Subj_014,YawDD_Subj_014_Ambiguous,rejected_edge_014,data\annotated\rejected\images\rejected_edge_014.jpg,data\annotated\rejected\labels\rejected_edge_014.txt,rejected,CVAT_Manual_Review_YOLO,False,REJECTED: Dark sunglasses obscuring ocular state
rej_0015,YawDD,YawDD_Subj_015,YawDD_Subj_015_Ambiguous,rejected_edge_015,data\annotated\rejected\images\rejected_edge_015.jpg,data\annotated\rejected\labels\rejected_edge_015.txt,rejected,CVAT_Manual_Review_YOLO,False,REJECTED: Severe hand occlusion obscuring mouth morphology
rej_0016,YawDD,YawDD_Subj_016,YawDD_Subj_016_Ambiguous,rejected_edge_016,data\annotated\rejected\images\rejected_edge_016.jpg,data\annotated\rejected\labels\rejected_edge_016.txt,rejected,CVAT_Manual_Review_YOLO,False,REJECTED: Dark sunglasses obscuring ocular state
rej_0017,YawDD,YawDD_Subj_017,YawDD_Subj_017_Ambiguous,rejected_edge_017,data\annotated\rejected\images\rejected_edge_017.jpg,data\annotated\rejected\labels\rejected_edge_017.txt,rejected,CVAT_Manual_Review_YOLO,False,REJECTED: Severe hand occlusion obscuring mouth morphology
rej_0018,YawDD,YawDD_Subj_018,YawDD_Subj_018_Ambiguous,rejected_edge_018,data\annotated\rejected\images\rejected_edge_018.jpg,data\annotated\rejected\labels\rejected_edge_018.txt,rejected,CVAT_Manual_Review_YOLO,False,REJECTED: Dark sunglasses obscuring ocular state
rej_0019,YawDD,YawDD_Subj_001,YawDD_Subj_001_Ambiguous,rejected_edge_019,data\annotated\rejected\images\rejected_edge_019.jpg,data\annotated\rejected\labels\rejected_edge_019.txt,rejected,CVAT_Manual_Review_YOLO,False,REJECTED: Severe hand occlusion obscuring mouth morphology
rej_0020,YawDD,YawDD_Subj_002,YawDD_Subj_002_Ambiguous,rejected_edge_020,data\annotated\rejected\images\rejected_edge_020.jpg,data\annotated\rejected\labels\rejected_edge_020.txt,rejected,CVAT_Manual_Review_YOLO,False,REJECTED: Dark sunglasses obscuring ocular state
rej_0021,YawDD,YawDD_Subj_003,YawDD_Subj_003_Ambiguous,rejected_edge_021,data\annotated\rejected\images\rejected_edge_021.jpg,data\annotated\rejected\labels\rejected_edge_021.txt,rejected,CVAT_Manual_Review_YOLO,False,REJECTED: Severe hand occlusion obscuring mouth morphology
rej_0022,YawDD,YawDD_Subj_004,YawDD_Subj_004_Ambiguous,rejected_edge_022,data\annotated\rejected\images\rejected_edge_022.jpg,data\annotated\rejected\labels\rejected_edge_022.txt,rejected,CVAT_Manual_Review_YOLO,False,REJECTED: Dark sunglasses obscuring ocular state
rej_0023,YawDD,YawDD_Subj_005,YawDD_Subj_005_Ambiguous,rejected_edge_023,data\annotated\rejected\images\rejected_edge_023.jpg,data\annotated\rejected\labels\rejected_edge_023.txt,rejected,CVAT_Manual_Review_YOLO,False,REJECTED: Severe hand occlusion obscuring mouth morphology
rej_0024,YawDD,YawDD_Subj_006,YawDD_Subj_006_Ambiguous,rejected_edge_024,data\annotated\rejected\images\rejected_edge_024.jpg,data\annotated\rejected\labels\rejected_edge_024.txt,rejected,CVAT_Manual_Review_YOLO,False,REJECTED: Dark sunglasses obscuring ocular state
rej_0025,YawDD,YawDD_Subj_007,YawDD_Subj_007_Ambiguous,rejected_edge_025,data\annotated\rejected\images\rejected_edge_025.jpg,data\annotated\rejected\labels\rejected_edge_025.txt,rejected,CVAT_Manual_Review_YOLO,False,REJECTED: Severe hand occlusion obscuring mouth morphology
rej_0026,YawDD,YawDD_Subj_008,YawDD_Subj_008_Ambiguous,rejected_edge_026,data\annotated\rejected\images\rejected_edge_026.jpg,data\annotated\rejected\labels\rejected_edge_026.txt,rejected,CVAT_Manual_Review_YOLO,False,REJECTED: Dark sunglasses obscuring ocular state
rej_0027,YawDD,YawDD_Subj_009,YawDD_Subj_009_Ambiguous,rejected_edge_027,data\annotated\rejected\images\rejected_edge_027.jpg,data\annotated\rejected\labels\rejected_edge_027.txt,rejected,CVAT_Manual_Review_YOLO,False,REJECTED: Severe hand occlusion obscuring mouth morphology
rej_0028,YawDD,YawDD_Subj_010,YawDD_Subj_010_Ambiguous,rejected_edge_028,data\annotated\rejected\images\rejected_edge_028.jpg,data\annotated\rejected\labels\rejected_edge_028.txt,rejected,CVAT_Manual_Review_YOLO,False,REJECTED: Dark sunglasses obscuring ocular state
rej_0029,YawDD,YawDD_Subj_011,YawDD_Subj_011_Ambiguous,rejected_edge_029,data\annotated\rejected\images\rejected_edge_029.jpg,data\annotated\rejected\labels\rejected_edge_029.txt,rejected,CVAT_Manual_Review_YOLO,False,REJECTED: Severe hand occlusion obscuring mouth morphology
rej_0030,YawDD,YawDD_Subj_012,YawDD_Subj_012_Ambiguous,rejected_edge_030,data\annotated\rejected\images\rejected_edge_030.jpg,data\annotated\rejected\labels\rejected_edge_030.txt,rejected,CVAT_Manual_Review_YOLO,False,REJECTED: Dark sunglasses obscuring ocular state
rej_0031,YawDD,YawDD_Subj_013,YawDD_Subj_013_Ambiguous,rejected_edge_031,data\annotated\rejected\images\rejected_edge_031.jpg,data\annotated\rejected\labels\rejected_edge_031.txt,rejected,CVAT_Manual_Review_YOLO,False,REJECTED: Severe hand occlusion obscuring mouth morphology
rej_0032,YawDD,YawDD_Subj_014,YawDD_Subj_014_Ambiguous,rejected_edge_032,data\annotated\rejected\images\rejected_edge_032.jpg,data\annotated\rejected\labels\rejected_edge_032.txt,rejected,CVAT_Manual_Review_YOLO,False,REJECTED: Dark sunglasses obscuring ocular state
rej_0033,YawDD,YawDD_Subj_015,YawDD_Subj_015_Ambiguous,rejected_edge_033,data\annotated\rejected\images\rejected_edge_033.jpg,data\annotated\rejected\labels\rejected_edge_033.txt,rejected,CVAT_Manual_Review_YOLO,False,REJECTED: Severe hand occlusion obscuring mouth morphology
rej_0034,YawDD,YawDD_Subj_016,YawDD_Subj_016_Ambiguous,rejected_edge_034,data\annotated\rejected\images\rejected_edge_034.jpg,data\annotated\rejected\labels\rejected_edge_034.txt,rejected,CVAT_Manual_Review_YOLO,False,REJECTED: Dark sunglasses obscuring ocular state
rej_0035,YawDD,YawDD_Subj_017,YawDD_Subj_017_Ambiguous,rejected_edge_035,data\annotated\rejected\images\rejected_edge_035.jpg,data\annotated\rejected\labels\rejected_edge_035.txt,rejected,CVAT_Manual_Review_YOLO,False,REJECTED: Severe hand occlusion obscuring mouth morphology
rej_0036,YawDD,YawDD_Subj_018,YawDD_Subj_018_Ambiguous,rejected_edge_036,data\annotated\rejected\images\rejected_edge_036.jpg,data\annotated\rejected\labels\rejected_edge_036.txt,rejected,CVAT_Manual_Review_YOLO,False,REJECTED: Dark sunglasses obscuring ocular state
rej_0037,YawDD,YawDD_Subj_001,YawDD_Subj_001_Ambiguous,rejected_edge_037,data\annotated\rejected\images\rejected_edge_037.jpg,data\annotated\rejected\labels\rejected_edge_037.txt,rejected,CVAT_Manual_Review_YOLO,False,REJECTED: Severe hand occlusion obscuring mouth morphology
rej_0038,YawDD,YawDD_Subj_002,YawDD_Subj_002_Ambiguous,rejected_edge_038,data\annotated\rejected\images\rejected_edge_038.jpg,data\annotated\rejected\labels\rejected_edge_038.txt,rejected,CVAT_Manual_Review_YOLO,False,REJECTED: Dark sunglasses obscuring ocular state
rej_0039,YawDD,YawDD_Subj_003,YawDD_Subj_003_Ambiguous,rejected_edge_039,data\annotated\rejected\images\rejected_edge_039.jpg,data\annotated\rejected\labels\rejected_edge_039.txt,rejected,CVAT_Manual_Review_YOLO,False,REJECTED: Severe hand occlusion obscuring mouth morphology
rej_0040,YawDD,YawDD_Subj_004,YawDD_Subj_004_Ambiguous,rejected_edge_040,data\annotated\rejected\images\rejected_edge_040.jpg,data\annotated\rejected\labels\rejected_edge_040.txt,rejected,CVAT_Manual_Review_YOLO,False,REJECTED: Dark sunglasses obscuring ocular state
