dataset,subject_id,video_id,fold,state_class,state_label,duration_sec,resolution,fps,gender,glasses,beard
UTA-RLDD,subject_01,01_0,fold_1,0,Alert,600,1280x720,30,M,NO,NO
UTA-RLDD,subject_01,01_1,fold_1,1,Low_Vigilance,600,1280x720,30,M,NO,NO
UTA-RLDD,subject_01,01_2,fold_1,2,Drowsy,600,1280x720,30,M,NO,NO
UTA-RLDD,subject_02,02_0,fold_1,0,Alert,600,1920x1080,30,F,NO,NO
UTA-RLDD,subject_02,02_1,fold_1,1,Low_Vigilance,600,1920x1080,30,F,NO,NO
UTA-RLDD,subject_02,02_2,fold_1,2,Drowsy,600,1920x1080,30,F,NO,NO
UTA-RLDD,subject_03,03_0,fold_1,0,Alert,600,1280x720,30,M,YES,NO
UTA-RLDD,subject_03,03_1,fold_1,1,Low_Vigilance,600,1280x720,30,M,YES,NO
UTA-RLDD,subject_03,03_2,fold_1,2,Drowsy,600,1280x720,30,M,YES,NO
UTA-RLDD,subject_04,04_0,fold_1,0,Alert,600,1920x1080,30,F,NO,NO
UTA-RLDD,subject_04,04_1,fold_1,1,Low_Vigilance,600,1920x1080,30,F,NO,NO
UTA-RLDD,subject_04,04_2,fold_1,2,Drowsy,600,1920x1080,30,F,NO,NO
UTA-RLDD,subject_05,05_0,fold_1,0,Alert,600,1280x720,30,M,NO,NO
UTA-RLDD,subject_05,05_1,fold_1,1,Low_Vigilance,600,1280x720,30,M,NO,NO
UTA-RLDD,subject_05,05_2,fold_1,2,Drowsy,600,1280x720,30,M,NO,NO
UTA-RLDD,subject_06,06_0,fold_1,0,Alert,600,1920x1080,30,F,YES,NO
UTA-RLDD,subject_06,06_1,fold_1,1,Low_Vigilance,600,1920x1080,30,F,YES,NO
UTA-RLDD,subject_06,06_2,fold_1,2,Drowsy,600,1920x1080,30,F,YES,NO
UTA-RLDD,subject_07,07_0,fold_1,0,Alert,600,1280x720,30,M,NO,NO
UTA-RLDD,subject_07,07_1,fold_1,1,Low_Vigilance,600,1280x720,30,M,NO,NO
UTA-RLDD,subject_07,07_2,fold_1,2,Drowsy,600,1280x720,30,M,NO,NO
UTA-RLDD,subject_08,08_0,fold_1,0,Alert,600,1920x1080,30,F,NO,NO
UTA-RLDD,subject_08,08_1,fold_1,1,Low_Vigilance,600,1920x1080,30,F,NO,NO
UTA-RLDD,subject_08,08_2,fold_1,2,Drowsy,600,1920x1080,30,F,NO,NO
UTA-RLDD,subject_09,09_0,fold_1,0,Alert,600,1280x720,30,M,YES,NO
UTA-RLDD,subject_09,09_1,fold_1,1,Low_Vigilance,600,1280x720,30,M,YES,NO
UTA-RLDD,subject_09,09_2,fold_1,2,Drowsy,600,1280x720,30,M,YES,NO
UTA-RLDD,subject_10,10_0,fold_1,0,Alert,600,1920x1080,30,F,NO,NO
UTA-RLDD,subject_10,10_1,fold_1,1,Low_Vigilance,600,1920x1080,30,F,NO,NO
UTA-RLDD,subject_10,10_2,fold_1,2,Drowsy,600,1920x1080,30,F,NO,NO
UTA-RLDD,subject_11,11_0,fold_1,0,Alert,600,1280x720,30,M,NO,NO
UTA-RLDD,subject_11,11_1,fold_1,1,Low_Vigilance,600,1280x720,30,M,NO,NO
UTA-RLDD,subject_11,11_2,fold_1,2,Drowsy,600,1280x720,30,M,NO,NO
UTA-RLDD,subject_12,12_0,fold_1,0,Alert,600,1920x1080,30,F,YES,NO
UTA-RLDD,subject_12,12_1,fold_1,1,Low_Vigilance,600,1920x1080,30,F,YES,NO
UTA-RLDD,subject_12,12_2,fold_1,2,Drowsy,600,1920x1080,30,F,YES,NO
UTA-RLDD,subject_13,13_0,fold_2,0,Alert,600,1280x720,30,M,NO,NO
UTA-RLDD,subject_13,13_1,fold_2,1,Low_Vigilance,600,1280x720,30,M,NO,NO
UTA-RLDD,subject_13,13_2,fold_2,2,Drowsy,600,1280x720,30,M,NO,NO
UTA-RLDD,subject_14,14_0,fold_2,0,Alert,600,1920x1080,30,F,NO,NO
UTA-RLDD,subject_14,14_1,fold_2,1,Low_Vigilance,600,1920x1080,30,F,NO,NO
UTA-RLDD,subject_14,14_2,fold_2,2,Drowsy,600,1920x1080,30,F,NO,NO
UTA-RLDD,subject_15,15_0,fold_2,0,Alert,600,1280x720,30,M,YES,NO
UTA-RLDD,subject_15,15_1,fold_2,1,Low_Vigilance,600,1280x720,30,M,YES,NO
UTA-RLDD,subject_15,15_2,fold_2,2,Drowsy,600,1280x720,30,M,YES,NO
UTA-RLDD,subject_16,16_0,fold_2,0,Alert,600,1920x1080,30,F,NO,NO
UTA-RLDD,subject_16,16_1,fold_2,1,Low_Vigilance,600,1920x1080,30,F,NO,NO
UTA-RLDD,subject_16,16_2,fold_2,2,Drowsy,600,1920x1080,30,F,NO,NO
UTA-RLDD,subject_17,17_0,fold_2,0,Alert,600,1280x720,30,M,NO,NO
UTA-RLDD,subject_17,17_1,fold_2,1,Low_Vigilance,600,1280x720,30,M,NO,NO
UTA-RLDD,subject_17,17_2,fold_2,2,Drowsy,600,1280x720,30,M,NO,NO
UTA-RLDD,subject_18,18_0,fold_2,0,Alert,600,1920x1080,30,F,YES,NO
UTA-RLDD,subject_18,18_1,fold_2,1,Low_Vigilance,600,1920x1080,30,F,YES,NO
UTA-RLDD,subject_18,18_2,fold_2,2,Drowsy,600,1920x1080,30,F,YES,NO
UTA-RLDD,subject_19,19_0,fold_2,0,Alert,600,1280x720,30,M,NO,NO
UTA-RLDD,subject_19,19_1,fold_2,1,Low_Vigilance,600,1280x720,30,M,NO,NO
UTA-RLDD,subject_19,19_2,fold_2,2,Drowsy,600,1280x720,30,M,NO,NO
UTA-RLDD,subject_20,20_0,fold_2,0,Alert,600,1920x1080,30,F,NO,NO
UTA-RLDD,subject_20,20_1,fold_2,1,Low_Vigilance,600,1920x1080,30,F,NO,NO
UTA-RLDD,subject_20,20_2,fold_2,2,Drowsy,600,1920x1080,30,F,NO,NO
UTA-RLDD,subject_21,21_0,fold_2,0,Alert,600,1280x720,30,M,YES,NO
UTA-RLDD,subject_21,21_1,fold_2,1,Low_Vigilance,600,1280x720,30,M,YES,NO
UTA-RLDD,subject_21,21_2,fold_2,2,Drowsy,600,1280x720,30,M,YES,NO
UTA-RLDD,subject_22,22_0,fold_2,0,Alert,600,1920x1080,30,F,NO,NO
UTA-RLDD,subject_22,22_1,fold_2,1,Low_Vigilance,600,1920x1080,30,F,NO,NO
UTA-RLDD,subject_22,22_2,fold_2,2,Drowsy,600,1920x1080,30,F,NO,NO
UTA-RLDD,subject_23,23_0,fold_2,0,Alert,600,1280x720,30,M,NO,NO
UTA-RLDD,subject_23,23_1,fold_2,1,Low_Vigilance,600,1280x720,30,M,NO,NO
UTA-RLDD,subject_23,23_2,fold_2,2,Drowsy,600,1280x720,30,M,NO,NO
UTA-RLDD,subject_24,24_0,fold_2,0,Alert,600,1920x1080,30,F,YES,NO
UTA-RLDD,subject_24,24_1,fold_2,1,Low_Vigilance,600,1920x1080,30,F,YES,NO
UTA-RLDD,subject_24,24_2,fold_2,2,Drowsy,600,1920x1080,30,F,YES,NO
UTA-RLDD,subject_25,25_0,fold_3,0,Alert,600,1280x720,30,M,NO,NO
UTA-RLDD,subject_25,25_1,fold_3,1,Low_Vigilance,600,1280x720,30,M,NO,NO
UTA-RLDD,subject_25,25_2,fold_3,2,Drowsy,600,1280x720,30,M,NO,NO
UTA-RLDD,subject_26,26_0,fold_3,0,Alert,600,1920x1080,30,F,NO,NO
UTA-RLDD,subject_26,26_1,fold_3,1,Low_Vigilance,600,1920x1080,30,F,NO,NO
UTA-RLDD,subject_26,26_2,fold_3,2,Drowsy,600,1920x1080,30,F,NO,NO
UTA-RLDD,subject_27,27_0,fold_3,0,Alert,600,1280x720,30,M,YES,NO
UTA-RLDD,subject_27,27_1,fold_3,1,Low_Vigilance,600,1280x720,30,M,YES,NO
UTA-RLDD,subject_27,27_2,fold_3,2,Drowsy,600,1280x720,30,M,YES,NO
UTA-RLDD,subject_28,28_0,fold_3,0,Alert,600,1920x1080,30,F,NO,NO
UTA-RLDD,subject_28,28_1,fold_3,1,Low_Vigilance,600,1920x1080,30,F,NO,NO
UTA-RLDD,subject_28,28_2,fold_3,2,Drowsy,600,1920x1080,30,F,NO,NO
UTA-RLDD,subject_29,29_0,fold_3,0,Alert,600,1280x720,30,M,NO,NO
UTA-RLDD,subject_29,29_1,fold_3,1,Low_Vigilance,600,1280x720,30,M,NO,NO
UTA-RLDD,subject_29,29_2,fold_3,2,Drowsy,600,1280x720,30,M,NO,NO
UTA-RLDD,subject_30,30_0,fold_3,0,Alert,600,1920x1080,30,F,YES,NO
UTA-RLDD,subject_30,30_1,fold_3,1,Low_Vigilance,600,1920x1080,30,F,YES,NO
UTA-RLDD,subject_30,30_2,fold_3,2,Drowsy,600,1920x1080,30,F,YES,NO
UTA-RLDD,subject_31,31_0,fold_3,0,Alert,600,1280x720,30,M,NO,NO
UTA-RLDD,subject_31,31_1,fold_3,1,Low_Vigilance,600,1280x720,30,M,NO,NO
UTA-RLDD,subject_31,31_2,fold_3,2,Drowsy,600,1280x720,30,M,NO,NO
UTA-RLDD,subject_32,32_0,fold_3,0,Alert,600,1920x1080,30,F,NO,NO
UTA-RLDD,subject_32,32_1,fold_3,1,Low_Vigilance,600,1920x1080,30,F,NO,NO
UTA-RLDD,subject_32,32_2,fold_3,2,Drowsy,600,1920x1080,30,F,NO,NO
UTA-RLDD,subject_33,33_0,fold_3,0,Alert,600,1280x720,30,M,YES,NO
UTA-RLDD,subject_33,33_1,fold_3,1,Low_Vigilance,600,1280x720,30,M,YES,NO
UTA-RLDD,subject_33,33_2,fold_3,2,Drowsy,600,1280x720,30,M,YES,NO
UTA-RLDD,subject_34,34_0,fold_3,0,Alert,600,1920x1080,30,F,NO,NO
UTA-RLDD,subject_34,34_1,fold_3,1,Low_Vigilance,600,1920x1080,30,F,NO,NO
UTA-RLDD,subject_34,34_2,fold_3,2,Drowsy,600,1920x1080,30,F,NO,NO
UTA-RLDD,subject_35,35_0,fold_3,0,Alert,600,1280x720,30,M,NO,NO
UTA-RLDD,subject_35,35_1,fold_3,1,Low_Vigilance,600,1280x720,30,M,NO,NO
UTA-RLDD,subject_35,35_2,fold_3,2,Drowsy,600,1280x720,30,M,NO,NO
UTA-RLDD,subject_36,36_0,fold_3,0,Alert,600,1920x1080,30,F,YES,NO
UTA-RLDD,subject_36,36_1,fold_3,1,Low_Vigilance,600,1920x1080,30,F,YES,NO
UTA-RLDD,subject_36,36_2,fold_3,2,Drowsy,600,1920x1080,30,F,YES,NO
UTA-RLDD,subject_37,37_0,fold_4,0,Alert,600,1280x720,30,M,NO,NO
UTA-RLDD,subject_37,37_1,fold_4,1,Low_Vigilance,600,1280x720,30,M,NO,NO
UTA-RLDD,subject_37,37_2,fold_4,2,Drowsy,600,1280x720,30,M,NO,NO
UTA-RLDD,subject_38,38_0,fold_4,0,Alert,600,1920x1080,30,F,NO,NO
UTA-RLDD,subject_38,38_1,fold_4,1,Low_Vigilance,600,1920x1080,30,F,NO,NO
UTA-RLDD,subject_38,38_2,fold_4,2,Drowsy,600,1920x1080,30,F,NO,NO
UTA-RLDD,subject_39,39_0,fold_4,0,Alert,600,1280x720,30,M,YES,NO
UTA-RLDD,subject_39,39_1,fold_4,1,Low_Vigilance,600,1280x720,30,M,YES,NO
UTA-RLDD,subject_39,39_2,fold_4,2,Drowsy,600,1280x720,30,M,YES,NO
UTA-RLDD,subject_40,40_0,fold_4,0,Alert,600,1920x1080,30,F,NO,NO
UTA-RLDD,subject_40,40_1,fold_4,1,Low_Vigilance,600,1920x1080,30,F,NO,NO
UTA-RLDD,subject_40,40_2,fold_4,2,Drowsy,600,1920x1080,30,F,NO,NO
UTA-RLDD,subject_41,41_0,fold_4,0,Alert,600,1280x720,30,M,NO,NO
UTA-RLDD,subject_41,41_1,fold_4,1,Low_Vigilance,600,1280x720,30,M,NO,NO
UTA-RLDD,subject_41,41_2,fold_4,2,Drowsy,600,1280x720,30,M,NO,NO
UTA-RLDD,subject_42,42_0,fold_4,0,Alert,600,1920x1080,30,F,YES,NO
UTA-RLDD,subject_42,42_1,fold_4,1,Low_Vigilance,600,1920x1080,30,F,YES,NO
UTA-RLDD,subject_42,42_2,fold_4,2,Drowsy,600,1920x1080,30,F,YES,NO
UTA-RLDD,subject_43,43_0,fold_4,0,Alert,600,1280x720,30,M,NO,NO
UTA-RLDD,subject_43,43_1,fold_4,1,Low_Vigilance,600,1280x720,30,M,NO,NO
UTA-RLDD,subject_43,43_2,fold_4,2,Drowsy,600,1280x720,30,M,NO,NO
UTA-RLDD,subject_44,44_0,fold_4,0,Alert,600,1920x1080,30,F,NO,NO
UTA-RLDD,subject_44,44_1,fold_4,1,Low_Vigilance,600,1920x1080,30,F,NO,NO
UTA-RLDD,subject_44,44_2,fold_4,2,Drowsy,600,1920x1080,30,F,NO,NO
UTA-RLDD,subject_45,45_0,fold_4,0,Alert,600,1280x720,30,M,YES,NO
UTA-RLDD,subject_45,45_1,fold_4,1,Low_Vigilance,600,1280x720,30,M,YES,NO
UTA-RLDD,subject_45,45_2,fold_4,2,Drowsy,600,1280x720,30,M,YES,NO
UTA-RLDD,subject_46,46_0,fold_4,0,Alert,600,1920x1080,30,F,NO,NO
UTA-RLDD,subject_46,46_1,fold_4,1,Low_Vigilance,600,1920x1080,30,F,NO,NO
UTA-RLDD,subject_46,46_2,fold_4,2,Drowsy,600,1920x1080,30,F,NO,NO
UTA-RLDD,subject_47,47_0,fold_4,0,Alert,600,1280x720,30,M,NO,NO
UTA-RLDD,subject_47,47_1,fold_4,1,Low_Vigilance,600,1280x720,30,M,NO,NO
UTA-RLDD,subject_47,47_2,fold_4,2,Drowsy,600,1280x720,30,M,NO,NO
UTA-RLDD,subject_48,48_0,fold_4,0,Alert,600,1920x1080,30,F,YES,NO
UTA-RLDD,subject_48,48_1,fold_4,1,Low_Vigilance,600,1920x1080,30,F,YES,NO
UTA-RLDD,subject_48,48_2,fold_4,2,Drowsy,600,1920x1080,30,F,YES,NO
UTA-RLDD,subject_49,49_0,fold_5,0,Alert,600,1280x720,30,M,NO,NO
UTA-RLDD,subject_49,49_1,fold_5,1,Low_Vigilance,600,1280x720,30,M,NO,NO
UTA-RLDD,subject_49,49_2,fold_5,2,Drowsy,600,1280x720,30,M,NO,NO
UTA-RLDD,subject_50,50_0,fold_5,0,Alert,600,1920x1080,30,F,NO,NO
UTA-RLDD,subject_50,50_1,fold_5,1,Low_Vigilance,600,1920x1080,30,F,NO,NO
UTA-RLDD,subject_50,50_2,fold_5,2,Drowsy,600,1920x1080,30,F,NO,NO
UTA-RLDD,subject_51,51_0,fold_5,0,Alert,600,1280x720,30,M,YES,NO
UTA-RLDD,subject_51,51_1,fold_5,1,Low_Vigilance,600,1280x720,30,M,YES,NO
UTA-RLDD,subject_51,51_2,fold_5,2,Drowsy,600,1280x720,30,M,YES,NO
UTA-RLDD,subject_52,52_0,fold_5,0,Alert,600,1920x1080,30,F,NO,NO
UTA-RLDD,subject_52,52_1,fold_5,1,Low_Vigilance,600,1920x1080,30,F,NO,NO
UTA-RLDD,subject_52,52_2,fold_5,2,Drowsy,600,1920x1080,30,F,NO,NO
UTA-RLDD,subject_53,53_0,fold_5,0,Alert,600,1280x720,30,M,NO,NO
UTA-RLDD,subject_53,53_1,fold_5,1,Low_Vigilance,600,1280x720,30,M,NO,NO
UTA-RLDD,subject_53,53_2,fold_5,2,Drowsy,600,1280x720,30,M,NO,NO
UTA-RLDD,subject_54,54_0,fold_5,0,Alert,600,1920x1080,30,F,YES,NO
UTA-RLDD,subject_54,54_1,fold_5,1,Low_Vigilance,600,1920x1080,30,F,YES,NO
UTA-RLDD,subject_54,54_2,fold_5,2,Drowsy,600,1920x1080,30,F,YES,NO
UTA-RLDD,subject_55,55_0,fold_5,0,Alert,600,1280x720,30,M,NO,NO
UTA-RLDD,subject_55,55_1,fold_5,1,Low_Vigilance,600,1280x720,30,M,NO,NO
UTA-RLDD,subject_55,55_2,fold_5,2,Drowsy,600,1280x720,30,M,NO,NO
UTA-RLDD,subject_56,56_0,fold_5,0,Alert,600,1920x1080,30,F,NO,NO
UTA-RLDD,subject_56,56_1,fold_5,1,Low_Vigilance,600,1920x1080,30,F,NO,NO
UTA-RLDD,subject_56,56_2,fold_5,2,Drowsy,600,1920x1080,30,F,NO,NO
UTA-RLDD,subject_57,57_0,fold_5,0,Alert,600,1280x720,30,M,YES,NO
UTA-RLDD,subject_57,57_1,fold_5,1,Low_Vigilance,600,1280x720,30,M,YES,NO
UTA-RLDD,subject_57,57_2,fold_5,2,Drowsy,600,1280x720,30,M,YES,NO
UTA-RLDD,subject_58,58_0,fold_5,0,Alert,600,1920x1080,30,F,NO,NO
UTA-RLDD,subject_58,58_1,fold_5,1,Low_Vigilance,600,1920x1080,30,F,NO,NO
UTA-RLDD,subject_58,58_2,fold_5,2,Drowsy,600,1920x1080,30,F,NO,NO
UTA-RLDD,subject_59,59_0,fold_5,0,Alert,600,1280x720,30,M,NO,NO
UTA-RLDD,subject_59,59_1,fold_5,1,Low_Vigilance,600,1280x720,30,M,NO,NO
UTA-RLDD,subject_59,59_2,fold_5,2,Drowsy,600,1280x720,30,M,NO,NO
UTA-RLDD,subject_60,60_0,fold_5,0,Alert,600,1920x1080,30,F,YES,NO
UTA-RLDD,subject_60,60_1,fold_5,1,Low_Vigilance,600,1920x1080,30,F,YES,NO
UTA-RLDD,subject_60,60_2,fold_5,2,Drowsy,600,1920x1080,30,F,YES,NO
