dataset,subject_id,video_id,frame_id,image_path,annotation_path,split,class,source
Original,UNKNOWN,test_video,frame_0005,data/processed/yolo/images/train/frame_0005.jpg,data/processed/yolo/labels/train/frame_0005.txt,TRAIN,canonical_0_1_2,baseline_anchor
Original,UNKNOWN,test_video,frame_0020,data/processed/yolo/images/train/frame_0020.jpg,data/processed/yolo/labels/train/frame_0020.txt,TRAIN,canonical_0_1_2,baseline_anchor
Original,UNKNOWN,test_video,frame_0035,data/processed/yolo/images/train/frame_0035.jpg,data/processed/yolo/labels/train/frame_0035.txt,TRAIN,canonical_0_1_2,baseline_anchor
Original,UNKNOWN,test_video,frame_0051,data/processed/yolo/images/train/frame_0051.jpg,data/processed/yolo/labels/train/frame_0051.txt,TRAIN,canonical_0_1_2,baseline_anchor
Original,UNKNOWN,test_video,frame_0066,data/processed/yolo/images/train/frame_0066.jpg,data/processed/yolo/labels/train/frame_0066.txt,TRAIN,canonical_0_1_2,baseline_anchor
Original,UNKNOWN,test_video,frame_0082,data/processed/yolo/images/train/frame_0082.jpg,data/processed/yolo/labels/train/frame_0082.txt,TRAIN,canonical_0_1_2,baseline_anchor
Original,UNKNOWN,test_video,frame_0097,data/processed/yolo/images/train/frame_0097.jpg,data/processed/yolo/labels/train/frame_0097.txt,TRAIN,canonical_0_1_2,baseline_anchor
Original,UNKNOWN,test_video,frame_0113,data/processed/yolo/images/train/frame_0113.jpg,data/processed/yolo/labels/train/frame_0113.txt,TRAIN,canonical_0_1_2,baseline_anchor
Original,UNKNOWN,test_video,frame_0128,data/processed/yolo/images/train/frame_0128.jpg,data/processed/yolo/labels/train/frame_0128.txt,TRAIN,canonical_0_1_2,baseline_anchor
Original,UNKNOWN,test_video,frame_0143,data/processed/yolo/images/train/frame_0143.jpg,data/processed/yolo/labels/train/frame_0143.txt,TRAIN,canonical_0_1_2,baseline_anchor
Original,UNKNOWN,test_video,frame_0159,data/processed/yolo/images/train/frame_0159.jpg,data/processed/yolo/labels/train/frame_0159.txt,TRAIN,canonical_0_1_2,baseline_anchor
Original,UNKNOWN,test_video,frame_0174,data/processed/yolo/images/train/frame_0174.jpg,data/processed/yolo/labels/train/frame_0174.txt,TRAIN,canonical_0_1_2,baseline_anchor
Original,UNKNOWN,test_video,frame_0190,data/processed/yolo/images/train/frame_0190.jpg,data/processed/yolo/labels/train/frame_0190.txt,TRAIN,canonical_0_1_2,baseline_anchor
Original,UNKNOWN,test_video,frame_0205,data/processed/yolo/images/train/frame_0205.jpg,data/processed/yolo/labels/train/frame_0205.txt,TRAIN,canonical_0_1_2,baseline_anchor
Original,UNKNOWN,test_video,frame_0221,data/processed/yolo/images/train/frame_0221.jpg,data/processed/yolo/labels/train/frame_0221.txt,TRAIN,canonical_0_1_2,baseline_anchor
Original,UNKNOWN,test_video,frame_0236,data/processed/yolo/images/train/frame_0236.jpg,data/processed/yolo/labels/train/frame_0236.txt,TRAIN,canonical_0_1_2,baseline_anchor
Original,UNKNOWN,test_video,frame_0251,data/processed/yolo/images/train/frame_0251.jpg,data/processed/yolo/labels/train/frame_0251.txt,TRAIN,canonical_0_1_2,baseline_anchor
Original,UNKNOWN,test_video,frame_0267,data/processed/yolo/images/train/frame_0267.jpg,data/processed/yolo/labels/train/frame_0267.txt,TRAIN,canonical_0_1_2,baseline_anchor
Original,UNKNOWN,test_video,frame_0282,data/processed/yolo/images/train/frame_0282.jpg,data/processed/yolo/labels/train/frame_0282.txt,TRAIN,canonical_0_1_2,baseline_anchor
Original,UNKNOWN,test_video,frame_0298,data/processed/yolo/images/train/frame_0298.jpg,data/processed/yolo/labels/train/frame_0298.txt,TRAIN,canonical_0_1_2,baseline_anchor
Original,UNKNOWN,test_video,frame_0313,data/processed/yolo/images/train/frame_0313.jpg,data/processed/yolo/labels/train/frame_0313.txt,TRAIN,canonical_0_1_2,baseline_anchor
Original,UNKNOWN,test_video,frame_0329,data/processed/yolo/images/train/frame_0329.jpg,data/processed/yolo/labels/train/frame_0329.txt,TRAIN,canonical_0_1_2,baseline_anchor
Original,UNKNOWN,test_video,frame_0344,data/processed/yolo/images/train/frame_0344.jpg,data/processed/yolo/labels/train/frame_0344.txt,TRAIN,canonical_0_1_2,baseline_anchor
Original,UNKNOWN,test_video,frame_0360,data/processed/yolo/images/train/frame_0360.jpg,data/processed/yolo/labels/train/frame_0360.txt,TRAIN,canonical_0_1_2,baseline_anchor
