dataset,subject_id,video_id,frame_id,image_path,annotation_path,split,is_augmented,source
Original,UNKNOWN,test_video,frame_0483,data/processed/yolo_phase2d/images/train/frame_0483.jpg,data/processed/yolo_phase2d/labels/train/frame_0483.txt,TRAIN,False,baseline_anchor
Original,UNKNOWN,test_video,frame_0498,data/processed/yolo_phase2d/images/train/frame_0498.jpg,data/processed/yolo_phase2d/labels/train/frame_0498.txt,TRAIN,False,baseline_anchor
Original,UNKNOWN,test_video,frame_0514,data/processed/yolo_phase2d/images/train/frame_0514.jpg,data/processed/yolo_phase2d/labels/train/frame_0514.txt,TRAIN,False,baseline_anchor
Original,UNKNOWN,test_video,frame_0097,data/processed/yolo_phase2d/images/train/frame_0097.jpg,data/processed/yolo_phase2d/labels/train/frame_0097.txt,TRAIN,False,baseline_anchor
Original,UNKNOWN,test_video,frame_0298,data/processed/yolo_phase2d/images/train/frame_0298.jpg,data/processed/yolo_phase2d/labels/train/frame_0298.txt,TRAIN,False,baseline_anchor
Original,UNKNOWN,test_video,frame_0313,data/processed/yolo_phase2d/images/train/frame_0313.jpg,data/processed/yolo_phase2d/labels/train/frame_0313.txt,TRAIN,False,baseline_anchor
Original,UNKNOWN,test_video,frame_0329,data/processed/yolo_phase2d/images/train/frame_0329.jpg,data/processed/yolo_phase2d/labels/train/frame_0329.txt,TRAIN,False,baseline_anchor
Original,UNKNOWN,test_video,frame_0344,data/processed/yolo_phase2d/images/train/frame_0344.jpg,data/processed/yolo_phase2d/labels/train/frame_0344.txt,TRAIN,False,baseline_anchor
Original,UNKNOWN,test_video,frame_0375,data/processed/yolo_phase2d/images/train/frame_0375.jpg,data/processed/yolo_phase2d/labels/train/frame_0375.txt,TRAIN,False,baseline_anchor
Original,UNKNOWN,test_video,frame_0005,data/processed/yolo_phase2d/images/train/frame_0005.jpg,data/processed/yolo_phase2d/labels/train/frame_0005.txt,TRAIN,False,baseline_anchor
Original,UNKNOWN,test_video,frame_0020,data/processed/yolo_phase2d/images/train/frame_0020.jpg,data/processed/yolo_phase2d/labels/train/frame_0020.txt,TRAIN,False,baseline_anchor
Original,UNKNOWN,test_video,frame_0035,data/processed/yolo_phase2d/images/train/frame_0035.jpg,data/processed/yolo_phase2d/labels/train/frame_0035.txt,TRAIN,False,baseline_anchor
Original,UNKNOWN,test_video,frame_0051,data/processed/yolo_phase2d/images/train/frame_0051.jpg,data/processed/yolo_phase2d/labels/train/frame_0051.txt,TRAIN,False,baseline_anchor
Original,UNKNOWN,test_video,frame_0066,data/processed/yolo_phase2d/images/train/frame_0066.jpg,data/processed/yolo_phase2d/labels/train/frame_0066.txt,TRAIN,False,baseline_anchor
Original,UNKNOWN,test_video,frame_0082,data/processed/yolo_phase2d/images/train/frame_0082.jpg,data/processed/yolo_phase2d/labels/train/frame_0082.txt,TRAIN,False,baseline_anchor
Original,UNKNOWN,test_video,frame_0113,data/processed/yolo_phase2d/images/train/frame_0113.jpg,data/processed/yolo_phase2d/labels/train/frame_0113.txt,TRAIN,False,baseline_anchor
Original,UNKNOWN,test_video,frame_0128,data/processed/yolo_phase2d/images/train/frame_0128.jpg,data/processed/yolo_phase2d/labels/train/frame_0128.txt,TRAIN,False,baseline_anchor
Original,UNKNOWN,test_video,frame_0143,data/processed/yolo_phase2d/images/train/frame_0143.jpg,data/processed/yolo_phase2d/labels/train/frame_0143.txt,TRAIN,False,baseline_anchor
Original,UNKNOWN,test_video,frame_0159,data/processed/yolo_phase2d/images/train/frame_0159.jpg,data/processed/yolo_phase2d/labels/train/frame_0159.txt,TRAIN,False,baseline_anchor
Original,UNKNOWN,test_video,frame_0174,data/processed/yolo_phase2d/images/train/frame_0174.jpg,data/processed/yolo_phase2d/labels/train/frame_0174.txt,TRAIN,False,baseline_anchor
Original,UNKNOWN,test_video,frame_0190,data/processed/yolo_phase2d/images/train/frame_0190.jpg,data/processed/yolo_phase2d/labels/train/frame_0190.txt,TRAIN,False,baseline_anchor
Original,UNKNOWN,test_video,frame_0205,data/processed/yolo_phase2d/images/train/frame_0205.jpg,data/processed/yolo_phase2d/labels/train/frame_0205.txt,TRAIN,False,baseline_anchor
Original,UNKNOWN,test_video,frame_0221,data/processed/yolo_phase2d/images/train/frame_0221.jpg,data/processed/yolo_phase2d/labels/train/frame_0221.txt,TRAIN,False,baseline_anchor
Original,UNKNOWN,test_video,frame_0236,data/processed/yolo_phase2d/images/train/frame_0236.jpg,data/processed/yolo_phase2d/labels/train/frame_0236.txt,TRAIN,False,baseline_anchor
Original_Augmented,UNKNOWN,test_video,frame_0483_aug_daylight,data/processed/yolo_phase2d/images/train/frame_0483_aug_daylight.jpg,data/processed/yolo_phase2d/labels/train/frame_0483_aug_daylight.txt,TRAIN,True,aug_daylight
Original_Augmented,UNKNOWN,test_video,frame_0483_aug_lowlight_noise,data/processed/yolo_phase2d/images/train/frame_0483_aug_lowlight_noise.jpg,data/processed/yolo_phase2d/labels/train/frame_0483_aug_lowlight_noise.txt,TRAIN,True,aug_lowlight_noise
Original_Augmented,UNKNOWN,test_video,frame_0483_aug_hflip,data/processed/yolo_phase2d/images/train/frame_0483_aug_hflip.jpg,data/processed/yolo_phase2d/labels/train/frame_0483_aug_hflip.txt,TRAIN,True,aug_hflip
Original_Augmented,UNKNOWN,test_video,frame_0483_aug_shadow_blur,data/processed/yolo_phase2d/images/train/frame_0483_aug_shadow_blur.jpg,data/processed/yolo_phase2d/labels/train/frame_0483_aug_shadow_blur.txt,TRAIN,True,aug_shadow_blur
Original_Augmented,UNKNOWN,test_video,frame_0498_aug_daylight,data/processed/yolo_phase2d/images/train/frame_0498_aug_daylight.jpg,data/processed/yolo_phase2d/labels/train/frame_0498_aug_daylight.txt,TRAIN,True,aug_daylight
Original_Augmented,UNKNOWN,test_video,frame_0498_aug_lowlight_noise,data/processed/yolo_phase2d/images/train/frame_0498_aug_lowlight_noise.jpg,data/processed/yolo_phase2d/labels/train/frame_0498_aug_lowlight_noise.txt,TRAIN,True,aug_lowlight_noise
Original_Augmented,UNKNOWN,test_video,frame_0498_aug_hflip,data/processed/yolo_phase2d/images/train/frame_0498_aug_hflip.jpg,data/processed/yolo_phase2d/labels/train/frame_0498_aug_hflip.txt,TRAIN,True,aug_hflip
Original_Augmented,UNKNOWN,test_video,frame_0498_aug_shadow_blur,data/processed/yolo_phase2d/images/train/frame_0498_aug_shadow_blur.jpg,data/processed/yolo_phase2d/labels/train/frame_0498_aug_shadow_blur.txt,TRAIN,True,aug_shadow_blur
Original_Augmented,UNKNOWN,test_video,frame_0514_aug_daylight,data/processed/yolo_phase2d/images/train/frame_0514_aug_daylight.jpg,data/processed/yolo_phase2d/labels/train/frame_0514_aug_daylight.txt,TRAIN,True,aug_daylight
Original_Augmented,UNKNOWN,test_video,frame_0514_aug_lowlight_noise,data/processed/yolo_phase2d/images/train/frame_0514_aug_lowlight_noise.jpg,data/processed/yolo_phase2d/labels/train/frame_0514_aug_lowlight_noise.txt,TRAIN,True,aug_lowlight_noise
Original_Augmented,UNKNOWN,test_video,frame_0514_aug_hflip,data/processed/yolo_phase2d/images/train/frame_0514_aug_hflip.jpg,data/processed/yolo_phase2d/labels/train/frame_0514_aug_hflip.txt,TRAIN,True,aug_hflip
Original_Augmented,UNKNOWN,test_video,frame_0514_aug_shadow_blur,data/processed/yolo_phase2d/images/train/frame_0514_aug_shadow_blur.jpg,data/processed/yolo_phase2d/labels/train/frame_0514_aug_shadow_blur.txt,TRAIN,True,aug_shadow_blur
Original_Augmented,UNKNOWN,test_video,frame_0097_aug_daylight,data/processed/yolo_phase2d/images/train/frame_0097_aug_daylight.jpg,data/processed/yolo_phase2d/labels/train/frame_0097_aug_daylight.txt,TRAIN,True,aug_daylight
Original_Augmented,UNKNOWN,test_video,frame_0097_aug_lowlight_noise,data/processed/yolo_phase2d/images/train/frame_0097_aug_lowlight_noise.jpg,data/processed/yolo_phase2d/labels/train/frame_0097_aug_lowlight_noise.txt,TRAIN,True,aug_lowlight_noise
Original_Augmented,UNKNOWN,test_video,frame_0097_aug_hflip,data/processed/yolo_phase2d/images/train/frame_0097_aug_hflip.jpg,data/processed/yolo_phase2d/labels/train/frame_0097_aug_hflip.txt,TRAIN,True,aug_hflip
Original_Augmented,UNKNOWN,test_video,frame_0097_aug_shadow_blur,data/processed/yolo_phase2d/images/train/frame_0097_aug_shadow_blur.jpg,data/processed/yolo_phase2d/labels/train/frame_0097_aug_shadow_blur.txt,TRAIN,True,aug_shadow_blur
Original_Augmented,UNKNOWN,test_video,frame_0298_aug_daylight,data/processed/yolo_phase2d/images/train/frame_0298_aug_daylight.jpg,data/processed/yolo_phase2d/labels/train/frame_0298_aug_daylight.txt,TRAIN,True,aug_daylight
Original_Augmented,UNKNOWN,test_video,frame_0298_aug_lowlight_noise,data/processed/yolo_phase2d/images/train/frame_0298_aug_lowlight_noise.jpg,data/processed/yolo_phase2d/labels/train/frame_0298_aug_lowlight_noise.txt,TRAIN,True,aug_lowlight_noise
Original_Augmented,UNKNOWN,test_video,frame_0298_aug_hflip,data/processed/yolo_phase2d/images/train/frame_0298_aug_hflip.jpg,data/processed/yolo_phase2d/labels/train/frame_0298_aug_hflip.txt,TRAIN,True,aug_hflip
Original_Augmented,UNKNOWN,test_video,frame_0298_aug_shadow_blur,data/processed/yolo_phase2d/images/train/frame_0298_aug_shadow_blur.jpg,data/processed/yolo_phase2d/labels/train/frame_0298_aug_shadow_blur.txt,TRAIN,True,aug_shadow_blur
Original_Augmented,UNKNOWN,test_video,frame_0313_aug_daylight,data/processed/yolo_phase2d/images/train/frame_0313_aug_daylight.jpg,data/processed/yolo_phase2d/labels/train/frame_0313_aug_daylight.txt,TRAIN,True,aug_daylight
Original_Augmented,UNKNOWN,test_video,frame_0313_aug_lowlight_noise,data/processed/yolo_phase2d/images/train/frame_0313_aug_lowlight_noise.jpg,data/processed/yolo_phase2d/labels/train/frame_0313_aug_lowlight_noise.txt,TRAIN,True,aug_lowlight_noise
Original_Augmented,UNKNOWN,test_video,frame_0313_aug_hflip,data/processed/yolo_phase2d/images/train/frame_0313_aug_hflip.jpg,data/processed/yolo_phase2d/labels/train/frame_0313_aug_hflip.txt,TRAIN,True,aug_hflip
Original_Augmented,UNKNOWN,test_video,frame_0313_aug_shadow_blur,data/processed/yolo_phase2d/images/train/frame_0313_aug_shadow_blur.jpg,data/processed/yolo_phase2d/labels/train/frame_0313_aug_shadow_blur.txt,TRAIN,True,aug_shadow_blur
Original_Augmented,UNKNOWN,test_video,frame_0329_aug_daylight,data/processed/yolo_phase2d/images/train/frame_0329_aug_daylight.jpg,data/processed/yolo_phase2d/labels/train/frame_0329_aug_daylight.txt,TRAIN,True,aug_daylight
Original_Augmented,UNKNOWN,test_video,frame_0329_aug_lowlight_noise,data/processed/yolo_phase2d/images/train/frame_0329_aug_lowlight_noise.jpg,data/processed/yolo_phase2d/labels/train/frame_0329_aug_lowlight_noise.txt,TRAIN,True,aug_lowlight_noise
Original_Augmented,UNKNOWN,test_video,frame_0329_aug_hflip,data/processed/yolo_phase2d/images/train/frame_0329_aug_hflip.jpg,data/processed/yolo_phase2d/labels/train/frame_0329_aug_hflip.txt,TRAIN,True,aug_hflip
Original_Augmented,UNKNOWN,test_video,frame_0329_aug_shadow_blur,data/processed/yolo_phase2d/images/train/frame_0329_aug_shadow_blur.jpg,data/processed/yolo_phase2d/labels/train/frame_0329_aug_shadow_blur.txt,TRAIN,True,aug_shadow_blur
Original_Augmented,UNKNOWN,test_video,frame_0344_aug_daylight,data/processed/yolo_phase2d/images/train/frame_0344_aug_daylight.jpg,data/processed/yolo_phase2d/labels/train/frame_0344_aug_daylight.txt,TRAIN,True,aug_daylight
Original_Augmented,UNKNOWN,test_video,frame_0344_aug_lowlight_noise,data/processed/yolo_phase2d/images/train/frame_0344_aug_lowlight_noise.jpg,data/processed/yolo_phase2d/labels/train/frame_0344_aug_lowlight_noise.txt,TRAIN,True,aug_lowlight_noise
Original_Augmented,UNKNOWN,test_video,frame_0344_aug_hflip,data/processed/yolo_phase2d/images/train/frame_0344_aug_hflip.jpg,data/processed/yolo_phase2d/labels/train/frame_0344_aug_hflip.txt,TRAIN,True,aug_hflip
Original_Augmented,UNKNOWN,test_video,frame_0344_aug_shadow_blur,data/processed/yolo_phase2d/images/train/frame_0344_aug_shadow_blur.jpg,data/processed/yolo_phase2d/labels/train/frame_0344_aug_shadow_blur.txt,TRAIN,True,aug_shadow_blur
Original_Augmented,UNKNOWN,test_video,frame_0375_aug_daylight,data/processed/yolo_phase2d/images/train/frame_0375_aug_daylight.jpg,data/processed/yolo_phase2d/labels/train/frame_0375_aug_daylight.txt,TRAIN,True,aug_daylight
Original_Augmented,UNKNOWN,test_video,frame_0375_aug_lowlight_noise,data/processed/yolo_phase2d/images/train/frame_0375_aug_lowlight_noise.jpg,data/processed/yolo_phase2d/labels/train/frame_0375_aug_lowlight_noise.txt,TRAIN,True,aug_lowlight_noise
Original_Augmented,UNKNOWN,test_video,frame_0375_aug_hflip,data/processed/yolo_phase2d/images/train/frame_0375_aug_hflip.jpg,data/processed/yolo_phase2d/labels/train/frame_0375_aug_hflip.txt,TRAIN,True,aug_hflip
Original_Augmented,UNKNOWN,test_video,frame_0375_aug_shadow_blur,data/processed/yolo_phase2d/images/train/frame_0375_aug_shadow_blur.jpg,data/processed/yolo_phase2d/labels/train/frame_0375_aug_shadow_blur.txt,TRAIN,True,aug_shadow_blur
Original_Augmented,UNKNOWN,test_video,frame_0005_aug_daylight,data/processed/yolo_phase2d/images/train/frame_0005_aug_daylight.jpg,data/processed/yolo_phase2d/labels/train/frame_0005_aug_daylight.txt,TRAIN,True,aug_daylight
Original_Augmented,UNKNOWN,test_video,frame_0005_aug_lowlight_noise,data/processed/yolo_phase2d/images/train/frame_0005_aug_lowlight_noise.jpg,data/processed/yolo_phase2d/labels/train/frame_0005_aug_lowlight_noise.txt,TRAIN,True,aug_lowlight_noise
Original_Augmented,UNKNOWN,test_video,frame_0005_aug_hflip,data/processed/yolo_phase2d/images/train/frame_0005_aug_hflip.jpg,data/processed/yolo_phase2d/labels/train/frame_0005_aug_hflip.txt,TRAIN,True,aug_hflip
Original_Augmented,UNKNOWN,test_video,frame_0005_aug_shadow_blur,data/processed/yolo_phase2d/images/train/frame_0005_aug_shadow_blur.jpg,data/processed/yolo_phase2d/labels/train/frame_0005_aug_shadow_blur.txt,TRAIN,True,aug_shadow_blur
Original_Augmented,UNKNOWN,test_video,frame_0020_aug_daylight,data/processed/yolo_phase2d/images/train/frame_0020_aug_daylight.jpg,data/processed/yolo_phase2d/labels/train/frame_0020_aug_daylight.txt,TRAIN,True,aug_daylight
Original_Augmented,UNKNOWN,test_video,frame_0020_aug_lowlight_noise,data/processed/yolo_phase2d/images/train/frame_0020_aug_lowlight_noise.jpg,data/processed/yolo_phase2d/labels/train/frame_0020_aug_lowlight_noise.txt,TRAIN,True,aug_lowlight_noise
Original_Augmented,UNKNOWN,test_video,frame_0020_aug_hflip,data/processed/yolo_phase2d/images/train/frame_0020_aug_hflip.jpg,data/processed/yolo_phase2d/labels/train/frame_0020_aug_hflip.txt,TRAIN,True,aug_hflip
Original_Augmented,UNKNOWN,test_video,frame_0020_aug_shadow_blur,data/processed/yolo_phase2d/images/train/frame_0020_aug_shadow_blur.jpg,data/processed/yolo_phase2d/labels/train/frame_0020_aug_shadow_blur.txt,TRAIN,True,aug_shadow_blur
Original_Augmented,UNKNOWN,test_video,frame_0035_aug_daylight,data/processed/yolo_phase2d/images/train/frame_0035_aug_daylight.jpg,data/processed/yolo_phase2d/labels/train/frame_0035_aug_daylight.txt,TRAIN,True,aug_daylight
Original_Augmented,UNKNOWN,test_video,frame_0035_aug_lowlight_noise,data/processed/yolo_phase2d/images/train/frame_0035_aug_lowlight_noise.jpg,data/processed/yolo_phase2d/labels/train/frame_0035_aug_lowlight_noise.txt,TRAIN,True,aug_lowlight_noise
Original_Augmented,UNKNOWN,test_video,frame_0035_aug_hflip,data/processed/yolo_phase2d/images/train/frame_0035_aug_hflip.jpg,data/processed/yolo_phase2d/labels/train/frame_0035_aug_hflip.txt,TRAIN,True,aug_hflip
Original_Augmented,UNKNOWN,test_video,frame_0035_aug_shadow_blur,data/processed/yolo_phase2d/images/train/frame_0035_aug_shadow_blur.jpg,data/processed/yolo_phase2d/labels/train/frame_0035_aug_shadow_blur.txt,TRAIN,True,aug_shadow_blur
Original_Augmented,UNKNOWN,test_video,frame_0051_aug_daylight,data/processed/yolo_phase2d/images/train/frame_0051_aug_daylight.jpg,data/processed/yolo_phase2d/labels/train/frame_0051_aug_daylight.txt,TRAIN,True,aug_daylight
Original_Augmented,UNKNOWN,test_video,frame_0051_aug_lowlight_noise,data/processed/yolo_phase2d/images/train/frame_0051_aug_lowlight_noise.jpg,data/processed/yolo_phase2d/labels/train/frame_0051_aug_lowlight_noise.txt,TRAIN,True,aug_lowlight_noise
Original_Augmented,UNKNOWN,test_video,frame_0051_aug_hflip,data/processed/yolo_phase2d/images/train/frame_0051_aug_hflip.jpg,data/processed/yolo_phase2d/labels/train/frame_0051_aug_hflip.txt,TRAIN,True,aug_hflip
Original_Augmented,UNKNOWN,test_video,frame_0051_aug_shadow_blur,data/processed/yolo_phase2d/images/train/frame_0051_aug_shadow_blur.jpg,data/processed/yolo_phase2d/labels/train/frame_0051_aug_shadow_blur.txt,TRAIN,True,aug_shadow_blur
Original_Augmented,UNKNOWN,test_video,frame_0066_aug_daylight,data/processed/yolo_phase2d/images/train/frame_0066_aug_daylight.jpg,data/processed/yolo_phase2d/labels/train/frame_0066_aug_daylight.txt,TRAIN,True,aug_daylight
Original_Augmented,UNKNOWN,test_video,frame_0066_aug_lowlight_noise,data/processed/yolo_phase2d/images/train/frame_0066_aug_lowlight_noise.jpg,data/processed/yolo_phase2d/labels/train/frame_0066_aug_lowlight_noise.txt,TRAIN,True,aug_lowlight_noise
Original_Augmented,UNKNOWN,test_video,frame_0066_aug_hflip,data/processed/yolo_phase2d/images/train/frame_0066_aug_hflip.jpg,data/processed/yolo_phase2d/labels/train/frame_0066_aug_hflip.txt,TRAIN,True,aug_hflip
Original_Augmented,UNKNOWN,test_video,frame_0066_aug_shadow_blur,data/processed/yolo_phase2d/images/train/frame_0066_aug_shadow_blur.jpg,data/processed/yolo_phase2d/labels/train/frame_0066_aug_shadow_blur.txt,TRAIN,True,aug_shadow_blur
Original_Augmented,UNKNOWN,test_video,frame_0082_aug_daylight,data/processed/yolo_phase2d/images/train/frame_0082_aug_daylight.jpg,data/processed/yolo_phase2d/labels/train/frame_0082_aug_daylight.txt,TRAIN,True,aug_daylight
Original_Augmented,UNKNOWN,test_video,frame_0082_aug_lowlight_noise,data/processed/yolo_phase2d/images/train/frame_0082_aug_lowlight_noise.jpg,data/processed/yolo_phase2d/labels/train/frame_0082_aug_lowlight_noise.txt,TRAIN,True,aug_lowlight_noise
Original_Augmented,UNKNOWN,test_video,frame_0082_aug_hflip,data/processed/yolo_phase2d/images/train/frame_0082_aug_hflip.jpg,data/processed/yolo_phase2d/labels/train/frame_0082_aug_hflip.txt,TRAIN,True,aug_hflip
Original_Augmented,UNKNOWN,test_video,frame_0082_aug_shadow_blur,data/processed/yolo_phase2d/images/train/frame_0082_aug_shadow_blur.jpg,data/processed/yolo_phase2d/labels/train/frame_0082_aug_shadow_blur.txt,TRAIN,True,aug_shadow_blur
Original_Augmented,UNKNOWN,test_video,frame_0113_aug_daylight,data/processed/yolo_phase2d/images/train/frame_0113_aug_daylight.jpg,data/processed/yolo_phase2d/labels/train/frame_0113_aug_daylight.txt,TRAIN,True,aug_daylight
Original_Augmented,UNKNOWN,test_video,frame_0113_aug_lowlight_noise,data/processed/yolo_phase2d/images/train/frame_0113_aug_lowlight_noise.jpg,data/processed/yolo_phase2d/labels/train/frame_0113_aug_lowlight_noise.txt,TRAIN,True,aug_lowlight_noise
Original_Augmented,UNKNOWN,test_video,frame_0113_aug_hflip,data/processed/yolo_phase2d/images/train/frame_0113_aug_hflip.jpg,data/processed/yolo_phase2d/labels/train/frame_0113_aug_hflip.txt,TRAIN,True,aug_hflip
Original_Augmented,UNKNOWN,test_video,frame_0113_aug_shadow_blur,data/processed/yolo_phase2d/images/train/frame_0113_aug_shadow_blur.jpg,data/processed/yolo_phase2d/labels/train/frame_0113_aug_shadow_blur.txt,TRAIN,True,aug_shadow_blur
Original_Augmented,UNKNOWN,test_video,frame_0128_aug_daylight,data/processed/yolo_phase2d/images/train/frame_0128_aug_daylight.jpg,data/processed/yolo_phase2d/labels/train/frame_0128_aug_daylight.txt,TRAIN,True,aug_daylight
Original_Augmented,UNKNOWN,test_video,frame_0128_aug_lowlight_noise,data/processed/yolo_phase2d/images/train/frame_0128_aug_lowlight_noise.jpg,data/processed/yolo_phase2d/labels/train/frame_0128_aug_lowlight_noise.txt,TRAIN,True,aug_lowlight_noise
Original_Augmented,UNKNOWN,test_video,frame_0128_aug_hflip,data/processed/yolo_phase2d/images/train/frame_0128_aug_hflip.jpg,data/processed/yolo_phase2d/labels/train/frame_0128_aug_hflip.txt,TRAIN,True,aug_hflip
Original_Augmented,UNKNOWN,test_video,frame_0128_aug_shadow_blur,data/processed/yolo_phase2d/images/train/frame_0128_aug_shadow_blur.jpg,data/processed/yolo_phase2d/labels/train/frame_0128_aug_shadow_blur.txt,TRAIN,True,aug_shadow_blur
Original_Augmented,UNKNOWN,test_video,frame_0143_aug_daylight,data/processed/yolo_phase2d/images/train/frame_0143_aug_daylight.jpg,data/processed/yolo_phase2d/labels/train/frame_0143_aug_daylight.txt,TRAIN,True,aug_daylight
Original_Augmented,UNKNOWN,test_video,frame_0143_aug_lowlight_noise,data/processed/yolo_phase2d/images/train/frame_0143_aug_lowlight_noise.jpg,data/processed/yolo_phase2d/labels/train/frame_0143_aug_lowlight_noise.txt,TRAIN,True,aug_lowlight_noise
Original_Augmented,UNKNOWN,test_video,frame_0143_aug_hflip,data/processed/yolo_phase2d/images/train/frame_0143_aug_hflip.jpg,data/processed/yolo_phase2d/labels/train/frame_0143_aug_hflip.txt,TRAIN,True,aug_hflip
Original_Augmented,UNKNOWN,test_video,frame_0143_aug_shadow_blur,data/processed/yolo_phase2d/images/train/frame_0143_aug_shadow_blur.jpg,data/processed/yolo_phase2d/labels/train/frame_0143_aug_shadow_blur.txt,TRAIN,True,aug_shadow_blur
Original_Augmented,UNKNOWN,test_video,frame_0159_aug_daylight,data/processed/yolo_phase2d/images/train/frame_0159_aug_daylight.jpg,data/processed/yolo_phase2d/labels/train/frame_0159_aug_daylight.txt,TRAIN,True,aug_daylight
Original_Augmented,UNKNOWN,test_video,frame_0159_aug_lowlight_noise,data/processed/yolo_phase2d/images/train/frame_0159_aug_lowlight_noise.jpg,data/processed/yolo_phase2d/labels/train/frame_0159_aug_lowlight_noise.txt,TRAIN,True,aug_lowlight_noise
Original_Augmented,UNKNOWN,test_video,frame_0159_aug_hflip,data/processed/yolo_phase2d/images/train/frame_0159_aug_hflip.jpg,data/processed/yolo_phase2d/labels/train/frame_0159_aug_hflip.txt,TRAIN,True,aug_hflip
Original_Augmented,UNKNOWN,test_video,frame_0159_aug_shadow_blur,data/processed/yolo_phase2d/images/train/frame_0159_aug_shadow_blur.jpg,data/processed/yolo_phase2d/labels/train/frame_0159_aug_shadow_blur.txt,TRAIN,True,aug_shadow_blur
Original_Augmented,UNKNOWN,test_video,frame_0174_aug_daylight,data/processed/yolo_phase2d/images/train/frame_0174_aug_daylight.jpg,data/processed/yolo_phase2d/labels/train/frame_0174_aug_daylight.txt,TRAIN,True,aug_daylight
Original_Augmented,UNKNOWN,test_video,frame_0174_aug_lowlight_noise,data/processed/yolo_phase2d/images/train/frame_0174_aug_lowlight_noise.jpg,data/processed/yolo_phase2d/labels/train/frame_0174_aug_lowlight_noise.txt,TRAIN,True,aug_lowlight_noise
Original_Augmented,UNKNOWN,test_video,frame_0174_aug_hflip,data/processed/yolo_phase2d/images/train/frame_0174_aug_hflip.jpg,data/processed/yolo_phase2d/labels/train/frame_0174_aug_hflip.txt,TRAIN,True,aug_hflip
Original_Augmented,UNKNOWN,test_video,frame_0174_aug_shadow_blur,data/processed/yolo_phase2d/images/train/frame_0174_aug_shadow_blur.jpg,data/processed/yolo_phase2d/labels/train/frame_0174_aug_shadow_blur.txt,TRAIN,True,aug_shadow_blur
Original_Augmented,UNKNOWN,test_video,frame_0190_aug_daylight,data/processed/yolo_phase2d/images/train/frame_0190_aug_daylight.jpg,data/processed/yolo_phase2d/labels/train/frame_0190_aug_daylight.txt,TRAIN,True,aug_daylight
Original_Augmented,UNKNOWN,test_video,frame_0190_aug_lowlight_noise,data/processed/yolo_phase2d/images/train/frame_0190_aug_lowlight_noise.jpg,data/processed/yolo_phase2d/labels/train/frame_0190_aug_lowlight_noise.txt,TRAIN,True,aug_lowlight_noise
Original_Augmented,UNKNOWN,test_video,frame_0190_aug_hflip,data/processed/yolo_phase2d/images/train/frame_0190_aug_hflip.jpg,data/processed/yolo_phase2d/labels/train/frame_0190_aug_hflip.txt,TRAIN,True,aug_hflip
Original_Augmented,UNKNOWN,test_video,frame_0190_aug_shadow_blur,data/processed/yolo_phase2d/images/train/frame_0190_aug_shadow_blur.jpg,data/processed/yolo_phase2d/labels/train/frame_0190_aug_shadow_blur.txt,TRAIN,True,aug_shadow_blur
Original_Augmented,UNKNOWN,test_video,frame_0205_aug_daylight,data/processed/yolo_phase2d/images/train/frame_0205_aug_daylight.jpg,data/processed/yolo_phase2d/labels/train/frame_0205_aug_daylight.txt,TRAIN,True,aug_daylight
Original_Augmented,UNKNOWN,test_video,frame_0205_aug_lowlight_noise,data/processed/yolo_phase2d/images/train/frame_0205_aug_lowlight_noise.jpg,data/processed/yolo_phase2d/labels/train/frame_0205_aug_lowlight_noise.txt,TRAIN,True,aug_lowlight_noise
Original_Augmented,UNKNOWN,test_video,frame_0205_aug_hflip,data/processed/yolo_phase2d/images/train/frame_0205_aug_hflip.jpg,data/processed/yolo_phase2d/labels/train/frame_0205_aug_hflip.txt,TRAIN,True,aug_hflip
Original_Augmented,UNKNOWN,test_video,frame_0205_aug_shadow_blur,data/processed/yolo_phase2d/images/train/frame_0205_aug_shadow_blur.jpg,data/processed/yolo_phase2d/labels/train/frame_0205_aug_shadow_blur.txt,TRAIN,True,aug_shadow_blur
Original_Augmented,UNKNOWN,test_video,frame_0221_aug_daylight,data/processed/yolo_phase2d/images/train/frame_0221_aug_daylight.jpg,data/processed/yolo_phase2d/labels/train/frame_0221_aug_daylight.txt,TRAIN,True,aug_daylight
Original_Augmented,UNKNOWN,test_video,frame_0221_aug_lowlight_noise,data/processed/yolo_phase2d/images/train/frame_0221_aug_lowlight_noise.jpg,data/processed/yolo_phase2d/labels/train/frame_0221_aug_lowlight_noise.txt,TRAIN,True,aug_lowlight_noise
Original_Augmented,UNKNOWN,test_video,frame_0221_aug_hflip,data/processed/yolo_phase2d/images/train/frame_0221_aug_hflip.jpg,data/processed/yolo_phase2d/labels/train/frame_0221_aug_hflip.txt,TRAIN,True,aug_hflip
Original_Augmented,UNKNOWN,test_video,frame_0221_aug_shadow_blur,data/processed/yolo_phase2d/images/train/frame_0221_aug_shadow_blur.jpg,data/processed/yolo_phase2d/labels/train/frame_0221_aug_shadow_blur.txt,TRAIN,True,aug_shadow_blur
Original_Augmented,UNKNOWN,test_video,frame_0236_aug_daylight,data/processed/yolo_phase2d/images/train/frame_0236_aug_daylight.jpg,data/processed/yolo_phase2d/labels/train/frame_0236_aug_daylight.txt,TRAIN,True,aug_daylight
Original_Augmented,UNKNOWN,test_video,frame_0236_aug_lowlight_noise,data/processed/yolo_phase2d/images/train/frame_0236_aug_lowlight_noise.jpg,data/processed/yolo_phase2d/labels/train/frame_0236_aug_lowlight_noise.txt,TRAIN,True,aug_lowlight_noise
Original_Augmented,UNKNOWN,test_video,frame_0236_aug_hflip,data/processed/yolo_phase2d/images/train/frame_0236_aug_hflip.jpg,data/processed/yolo_phase2d/labels/train/frame_0236_aug_hflip.txt,TRAIN,True,aug_hflip
Original_Augmented,UNKNOWN,test_video,frame_0236_aug_shadow_blur,data/processed/yolo_phase2d/images/train/frame_0236_aug_shadow_blur.jpg,data/processed/yolo_phase2d/labels/train/frame_0236_aug_shadow_blur.txt,TRAIN,True,aug_shadow_blur
